Book Id,Title,Author,Author l-f,Additional Authors,ISBN,ISBN13,My Rating,Average Rating,Publisher,Binding,Number of Pages,Year Published,Original Publication Year,Date Read,Date Added,Bookshelves,Bookshelves with positions,Exclusive Shelf,My Review,Spoiler,Private Notes,Read Count,Owned Copies
8182847,Masterpieces of the French Enlightenment (Unexpurgated Edition) (Halcyon Classics),Various,"Various, Various","Voltaire, Jean-Jacques Rousseau, Denis Diderot, Nicolas de Condorcet, Montesquieu","=""""","=""""",0,3.60,,Kindle Edition,2099,,2010,,2024/06/30,currently-reading,currently-reading (#10),currently-reading,,,,1,0
169481,Image and Reality of the Israel-Palestine Conflict,Norman G. Finkelstein,"Finkelstein, Norman G.",,"=""1859844421""","=""9781859844427""",0,4.31,Verso Books,Paperback,256,2003,1995,,2024/06/11,to-read,to-read (#43),to-read,,,,0,0
23339559,Method and Madness: The Hidden Story of Israel's Assaults on Gaza,Norman G. Finkelstein,"Finkelstein, Norman G.",,"=""""","=""9781939293718""",0,4.20,OR Books,Paperback,236,2014,2014,,2024/06/11,to-read,to-read (#42),to-read,,,,0,0
35070437,Gaza: An Inquest into Its Martyrdom,Norman G. Finkelstein,"Finkelstein, Norman G.",,"=""0520295714""","=""9780520295711""",5,4.65,University of California Press,Hardcover,408,2018,2018,2024/06/11,2024/02/11,,,read,"I want to send this book to every international agency and government. Every page is packed with empirical evidence as well as forceful, viscerally charged argument. The book is also rational, the arguments are logically sound and the authors conclusions are substantial.<br/><br/>The reading will be hard going for some. It’s rigorous, it’s shocking and will challenge very many people’s pre-conceptions. However, it’s also an important book and for that reason alone, worthwhile reading.<br/><br/>This is a rare piece of honestly in a landscape of lies.",,,1,0
19237596,Mathematics for Physicists (Dover Books on Physics),Philippe Dennery,"Dennery, Philippe",Andre Krzywicki,"=""0486157121""","=""9780486157122""",0,3.78,Dover Publications,Kindle Edition,420,2012,1996,,2024/05/25,currently-reading,currently-reading (#9),currently-reading,,,,1,0
60101006,On Suicide,Émile Durkheim,"Durkheim, Émile","Richard Sennett, Robin Buss","=""014191534X""","=""9780141915340""",0,3.85,Penguin,ebook,0,2006,1897,,2023/07/28,,,read,,,,1,0
662867,"The Complete Works: Essays, Travel Journal, Letters",Michel de Montaigne,"Montaigne, Michel de","William  Hazlitt, Donald M. Frame","=""""","=""""",0,4.47,Everyman's Library,Hardcover,1336,2003,1592,,2024/03/31,currently-reading,currently-reading (#8),currently-reading,,,,1,0
19830550,Introduction to Artificial Intelligence,Philip C. Jackson Jr.,"Jr., Philip C. Jackson",,"=""""","=""""",0,3.69,Dover Publications,Kindle Edition,512,2013,1974,,2021/04/27,currently-reading,currently-reading (#7),currently-reading,,,,1,0
127230,On Violence,Hannah Arendt,"Arendt, Hannah",,"=""0156695006""","=""9780156695008""",5,3.77,Harvest Books,Paperback,106,1970,1970,2024/02/11,2015/10/05,,,read,,,,2,0
51152447,Caste: The Origins of Our Discontents,Isabel Wilkerson,"Wilkerson, Isabel",,"=""0593230256""","=""9780593230251""",0,4.53,Random House,Hardcover,544,2020,2020,,2024/02/09,to-read,to-read (#41),to-read,,,,0,0
52663561,An Introduction to Statistical Mechanics and Thermodynamics,Robert Swendsen,"Swendsen, Robert",,"=""0198853238""","=""9780198853237""",0,0.0,"Oxford University Press, USA",Hardcover,496,2020,,,2024/01/18,currently-reading,currently-reading (#6),currently-reading,,,,1,0
1157237,The New Cognitive Neurosciences,Michael S. Gazzaniga,"Gazzaniga, Michael S.",,"=""0262071959""","=""9780262071956""",5,3.80,Bradford Books,Hardcover,1433,1999,1995,,2024/01/13,,,read,,,,1,0
383472,Statistical Inference,George Casella,"Casella, George",Roger L. Berger,"=""0534243126""","=""9780534243128""",0,4.16,Cengage Learning,Hardcover,660,2001,2001,,2024/01/09,currently-reading,currently-reading (#5),currently-reading,,,,1,0
17346976,Learning Python: Powerful Object-Oriented Programming,Mark Lutz,"Lutz, Mark",,"=""1449355730""","=""9781449355739""",0,4.00,O'Reilly Media,Paperback,1643,2013,2013,,2023/01/15,to-read,to-read (#40),to-read,,,,0,0
52048869,Introduction to Philosophy of Technology,Mark Coeckelbergh,"Coeckelbergh, Mark",,"=""019093980X""","=""9780190939809""",0,4.10,"Oxford University Press, USA",Paperback,336,2019,2019,,2023/07/25,to-read,to-read (#39),to-read,,,,0,0
1152622,Calculus: Concepts and Methods,Ken Binmore,"Binmore, Ken",Joan Davies,"=""0521775418""","=""9780521775410""",0,4.06,Cambridge University Press,Paperback,567,2001,2001,,2023/04/14,to-read,to-read (#38),to-read,,,,0,0
74963630,Essential Math for AI: Next-Level Mathematics for Efficient and Successful AI Systems,Hala Nelson,"Nelson, Hala",,"=""1098107632""","=""9781098107635""",0,3.80,,Paperback,552,2023,,,2023/12/07,currently-reading,currently-reading (#4),currently-reading,,,,1,0
1262859,Geometry,David A. Brannan,"Brannan, David A.","Matthew F. Esplen, Jeremy J. Gray","=""0521597870""","=""9780521597876""",0,4.18,Cambridge University Press,Paperback,512,1999,1999,,2023/04/08,to-read,to-read (#37),to-read,,,,0,0
6184339,The Workflow of Data Analysis Using Stata,J. Scott Long,"Long, J. Scott",,"=""1597180475""","=""9781597180474""",0,4.49,Stata Press,Paperback,379,2008,2008,,2023/09/12,to-read,to-read (#36),to-read,,,,0,0
393199,Down and Out in Paris and London,George Orwell,"Orwell, George",,"=""015626224X""","=""9780156262248""",0,4.09,Mariner Books,Paperback,213,1972,1933,,2023/11/28,,,read,,,,1,0
155777,"Differential Equations, Dynamical Systems, and an Introduction to Chaos (Pure and Applied Mathematics)",Morris W. Hirsch,"Hirsch, Morris W.","Stephen Smale, Robert L. Devaney","=""0123497035""","=""9780123497031""",0,3.61,Academic Press,Hardcover,432,2003,2003,,2023/08/30,to-read,to-read (#35),to-read,,,,0,0
40655766,Neural Networks and Deep Learning: A Textbook,Charu C. Aggarwal,"Aggarwal, Charu C.",,"=""3319944622""","=""9783319944623""",0,4.22,Springer,Hardcover,524,2018,,,2023/11/14,currently-reading,currently-reading (#3),currently-reading,,,,1,0
81409052,Essential Math for AI,Hala Nelson,"Nelson, Hala",,"=""1098107594""","=""9781098107598""",0,3.00,O'Reilly Media,Kindle Edition,1035,2023,,,2023/09/17,to-read,to-read (#34),to-read,,,,0,0
42366034,"Numerical Python: Scientific Computing and Data Science Applications with Numpy, SciPy and Matplotlib",Robert Johansson,"Johansson, Robert",,"=""1484242459""","=""9781484242452""",0,4.05,Apress,Paperback,723,2018,2015,,2023/05/06,to-read,to-read (#33),to-read,,,,0,0
450366,Calculus: An Intuitive and Physical Approach,Morris Kline,"Kline, Morris",,"=""0486404536""","=""9780486404530""",0,4.31,Dover Publications,Paperback,960,1998,1967,,2023/09/30,to-read,to-read (#32),to-read,,,,0,0
2341839,Mathematics for Economics and Finance: Methods and Modelling,Martin Anthony,"Anthony, Martin",Norman Biggs,"=""0521559138""","=""9780521559133""",4,3.70,Cambridge University Press,Paperback,407,1996,1996,2023/11/08,2022/10/22,,,read,,,,1,0
70111582,"INTEGRATION FOR CALCULUS, ANALYSIS, AND DIFFERENTIAL EQUAATIONS: TECHNIQUES, EXAMPLES AND EXERCISES",Marat V Markin,"Markin, Marat V",,"=""1944660097""","=""9781944660093""",0,0.0,WORLD SCIENTIFIC INDIA,Paperback,0,2022,,,2023/09/17,currently-reading,currently-reading (#2),currently-reading,,,,1,0
161563855,"Data Analysis: An Introduction (Quantitative Applications in the Social Sciences) 1st by Lewis-Beck, Michael S. (1995) Paperback",Michael S. Lewis-Beck,"Lewis-Beck, Michael S.",,"=""""","=""""",0,3.67,"SAGE Publications, Inc",Paperback,0,,1995,,2023/09/12,currently-reading,currently-reading (#1),currently-reading,,,,1,0
40363665,"Hands-On Machine Learning with Scikit-Learn, Keras, and TensorFlow: Concepts, Tools, and Techniques to Build Intelligent Systems",Aurélien Géron,"Géron, Aurélien",,"=""1492032646""","=""""",0,4.56,O'Reilly Media,Paperback,848,2019,2017,,2023/05/06,to-read,to-read (#31),to-read,,,,0,0
4327041,The Asymmetrical Brain,Kenneth Hugdahl,"Hugdahl, Kenneth",Richard J. Davidson,"=""0262083094""","=""9780262083096""",0,4.00,Bradford Books,Hardcover,732,2002,2002,,2023/04/04,to-read,to-read (#30),to-read,,,,0,0
4928759,Linear algebra,Georgi E. Shilov,"Shilov, Georgi E.",,"=""0135367557""","=""9780135367551""",0,4.02,Prentice-Hall,Hardcover,387,1971,1971,,2023/03/25,to-read,to-read (#29),to-read,,,,0,0
6883424,Principles of Mathematics (Routledge Classics),Bertrand Russell,"Russell, Bertrand",,"=""0415487412""","=""9780415487412""",0,4.06,Routledge,Paperback,600,2009,1903,,2022/08/07,to-read,to-read (#28),to-read,,,,0,0
11713,The English Patient,Michael Ondaatje,"Ondaatje, Michael",,"=""0771068719""","=""9780771068713""",0,3.86,McClelland & Stewart,Hardcover,320,2006,1992,,2023/07/25,,,read,,,,1,0
18144590,The Alchemist,Paulo Coelho,"Coelho, Paulo",,"=""0062315005""","=""9780062315007""",0,3.91,HarperOne,Paperback,182,2014,1988,,2023/07/25,,,read,,,,1,0
600168,So Human an Animal: How We are Shaped by Surroundings and Events,René Dubos,"Dubos, René","David Mechanic, Jill Cooper","=""0765804298""","=""9780765804297""",0,3.93,Routledge,Paperback,292,1998,1968,,2023/07/25,,,read,,,,1,0
6530742,Bridging the Gap to University Mathematics,Edward Hurst,"Hurst, Edward",,"=""1848002890""","=""9781848002890""",4,3.87,Springer,Paperback,360,2009,2008,2023/06/04,2022/11/01,,,read,,,,1,0
1443432,Critique of Everyday Life,Henri Lefebvre,"Lefebvre, Henri",,"=""1844671917""","=""9781844671915""",0,4.10,Verso Books,Paperback,312,2008,1947,,2023/04/04,,,read,,,,1,0
31293622,The Constitution of Consciousness: A Study in Analytic Phenomenology (Studies in Philosophy),Wolfgang Huemer,"Huemer, Wolfgang",,"=""""","=""""",0,3.00,Routledge,Kindle Edition,116,2005,2004,,2023/04/04,to-read,to-read (#27),to-read,,,,0,0
13688946,Cognitive Phenomenology,Tim Bayne,"Bayne, Tim",Michelle Montague,"=""0199579938""","=""9780199579938""",0,3.57,Oxford University Press,Hardcover,378,2012,2011,,2023/04/04,to-read,to-read (#26),to-read,,,,0,0
654628,Phenomenology and Philosophy of Mind,David Woodruff Smith,"Smith, David Woodruff",,"=""0199272441""","=""9780199272440""",0,3.67,Clarendon Press,Hardcover,332,2005,2005,,2023/04/04,to-read,to-read (#25),to-read,,,,0,0
18279,Phenomenology of Perception,Maurice Merleau-Ponty,"Merleau-Ponty, Maurice",Colin Smith,"=""0415278414""","=""9780415278416""",0,4.17,Routledge,Paperback,544,2005,1945,,2023/04/04,,,read,,,,1,0
584608,"Language, Truth, and Logic",A.J. Ayer,"Ayer, A.J.",,"=""0486200108""","=""9780486200101""",0,3.76,Dover Publications (NYC),Paperback,160,1952,1936,,2023/04/04,,,read,,,,1,0
117833,The Master and Margarita,Mikhail Bulgakov,"Bulgakov, Mikhail","Hans Fronius, Diana Lewis Burgin, Ellendea Proffer, Katherine Tiernan O'Connor","=""0679760806""","=""9780679760801""",0,4.29,Vintage International,Paperback,372,1996,1967,,2023/04/04,,,read,,,,1,0
56215409,Foundations of Modern Physics,Steven Weinberg,"Weinberg, Steven",,"=""1108841767""","=""9781108841764""",0,4.27,Cambridge University Press,Hardcover,320,2021,,,2023/01/13,to-read,to-read (#24),to-read,,,,0,0
19169605,The Complete Idiot's Guide to Algebra,W. Michael Kelley,"Kelley, W. Michael",,"=""""","=""""",5,3.61,Alpha,Kindle Edition,336,2007,2004,,2021/01/18,,,read,,,,2,0
2074648,"Self-Organized Criticality: Emergent Complex Behavior in Physical and Biological Systems (Cambridge Lecture Notes in Physics, Series Number 10)",Henrik Jeldtoft Jensen,"Jensen, Henrik Jeldtoft",,"=""0521483719""","=""9780521483711""",0,3.67,Cambridge University Press,Paperback,168,1998,1998,,2023/01/02,to-read,to-read (#23),to-read,,,,0,0
8768156,"Critical Thinking, Reading, and Writing: A Brief Guide to Argument",Sylvan Barnet,"Barnet, Sylvan",Hugo Bedau,"=""0312601603""","=""9780312601607""",0,3.56,Bedford/St. Martin's,Paperback,592,2010,,,2023/03/26,to-read,to-read (#22),to-read,,,,0,0
18288,Critique of Pure Reason,Immanuel Kant,"Kant, Immanuel","Paul Guyer, Allen W. Wood","=""0521657296""","=""9780521657297""",0,3.96,Cambridge University Press,Paperback,785,1999,1781,,2023/03/26,to-read,to-read (#21),to-read,,,,0,0
50364458,The Tyranny of Merit: What's Become of the Common Good?,Michael J. Sandel,"Sandel, Michael J.",,"=""0241407605""","=""9780241407608""",0,4.19,Allen Lane,Paperback,272,2020,2020,,2023/03/26,to-read,to-read (#20),to-read,,,,0,0
433567,Flatland: A Romance of Many Dimensions,Edwin A. Abbott,"Abbott, Edwin A.",,"=""048627263X""","=""9780486272634""",0,3.81,"Dover Publications, Inc.",Paperback,96,1992,1884,,2023/03/26,,,read,,,,1,0
489317,Essential Calculus with Applications (Dover Books on Mathematics),Richard A. Silverman,"Silverman, Richard A.",,"=""0486660974""","=""9780486660974""",5,4.08,Dover Publications,Paperback,320,1989,1989,2023/03/13,2022/11/27,,,read,,,,1,0
629,"Zen and the Art of Motorcycle Maintenance: An Inquiry Into Values (Phaedrus, #1)",Robert M. Pirsig,"Pirsig, Robert M.",,"=""0060589469""","=""9780060589462""",0,3.78,HarperTorch,Mass Market Paperback,540,2006,1974,,2023/01/15,to-read,to-read (#19),to-read,,,,0,0
2190058,Conceptual Foundations of Modern...,Robert Eugene Marshak,"Marshak, Robert Eugene",,"=""9810211066""","=""9789810211066""",0,0.0,World Scientific Publishing Company,Paperback,704,1993,1993,,2023/01/13,to-read,to-read (#18),to-read,,,,0,0
586992,The Passion of the Western Mind: Understanding the Ideas that Have Shaped Our World View,Richard Tarnas,"Tarnas, Richard",,"=""0345368096""","=""9780345368096""",0,4.23,Ballantine Books (NY),Paperback,560,1993,1991,,2022/12/28,,,read,,,,1,0
40717990,The Sane Society,Erich Fromm,"Fromm, Erich",,"=""""","=""""",0,4.25,Open Road Media,Kindle Edition,386,2013,1955,,2022/12/28,,,read,,,,1,0
61911400,Precalculus: An Investigation of Functions,David Lippman,"Lippman, David",Melonie Rasmussen,"=""1955576009""","=""9781955576000""",5,4.00,Tangential Projects Press,Paperback,706,2022,,2022/11/27,2022/09/01,,,read,,,,1,0
20932236,Essential Trigonometry: A Self-Teaching Guide,Tim Hill,"Hill, Tim",,"=""""","=""""",5,4.40,Questing Vole Press,Kindle Edition,91,2013,2013,2022/11/21,2022/11/21,,,read,,,,1,0
40104261,The Ethics of Ambiguity,Simone de Beauvoir,"Beauvoir, Simone de",,"=""""","=""""",0,4.17,Open Road Media,Kindle Edition,164,2018,1947,,2021/01/18,to-read,to-read (#17),to-read,,,,0,0
2802549,Fundamental Concepts of Algebra (Dover Books on Mathematics),Bruce E. Meserve,"Meserve, Bruce E.",,"=""0486614700""","=""9780486614700""",0,4.10,Dover Publications,Paperback,320,1982,1982,,2022/09/19,to-read,to-read (#16),to-read,,,,0,0
17861928,Contemporary Mathematics,Bruce E. Meserve,"Meserve, Bruce E.",,"=""""","=""""",0,0.0,"Prentice-Hall, Inc.",Hardcover,550,1972,1972,,2022/09/19,to-read,to-read (#15),to-read,,,,0,0
2802550,Fundamental Concepts of Geometry (Dover Books on Mathematics),Bruce E. Meserve,"Meserve, Bruce E.",,"=""0486634159""","=""9780486634159""",0,3.44,Dover Publications,Paperback,336,2010,1983,,2022/09/19,to-read,to-read (#14),to-read,,,,0,0
21567404,What Is It Like to Be a Bat?,Thomas Nagel,"Nagel, Thomas",,"=""""","=""""",0,3.98,,,15,,1974,,2022/09/15,,,read,,,,1,0
30129732,Complexity: The Emerging Science at the Edge of Order and Chaos,M. Mitchell Waldrop,"Waldrop, M. Mitchell",,"=""""","=""""",0,4.05,,Kindle Edition,384,2016,1992,,2022/09/03,to-read,to-read (#13),to-read,,,,0,0
49455,Notes from Underground,Fyodor Dostoevsky,"Dostoevsky, Fyodor","Donald Fanger, Larissa Volokhonsky, Richard Pevear","=""067973452X""","=""9780679734529""",0,4.18,Vintage Classics,Paperback,136,1994,1864,,2022/09/05,,,read,,,,1,0
5695,Demons,Fyodor Dostoevsky,"Dostoevsky, Fyodor","Richard Pevear, Robert Belknap, Robert Maguire, Ronald Meyer, Larissa Volokhonsky","=""""","=""""",0,4.30,Vintage,Paperback,733,1995,1872,,2022/09/05,,,read,,,,1,0
2790733,The Structure of Evil: An Essay on the Unification of the Science of Man,Ernest Becker,"Becker, Ernest",,"=""0029022908""","=""9780029022900""",0,4.14,Free Press,Paperback,452,1976,,,2022/08/19,,,read,,,,1,0
866754,Views into the Chinese Room: New Essays on Searle and Artificial Intelligence,John   Preston,"Preston, John",Mark Bishop,"=""0199252777""","=""9780199252770""",5,4.00,Clarendon Press,Paperback,428,2002,2002,,2022/08/19,,,read,,,,1,0
172732,The Motorcycle Diaries: Notes on a Latin American Journey,Ernesto Che Guevara,"Guevara, Ernesto Che",Aleida Guevara March,"=""1876175702""","=""9781876175702""",5,3.79,Ocean Press,Paperback,175,2003,1992,,2022/08/13,,,read,,,,1,0
61539,The Structure of Scientific Revolutions,Thomas S. Kuhn,"Kuhn, Thomas S.",,"=""0226458083""","=""9780226458083""",0,4.03,University of Chicago Press,Paperback,226,1996,1962,,2022/08/07,to-read,to-read (#12),to-read,,,,0,0
16685439,The Price of Inequality: How Today's Divided Society Endangers Our Future,Joseph E. Stiglitz,"Stiglitz, Joseph E.",,"=""0393345068""","=""9780393345063""",5,4.02,W. W. Norton & Company,Paperback,523,2013,2012,2022/08/07,2022/06/30,,,read,,,,1,0
4064936,Books v. Cigarettes,George Orwell,"Orwell, George",,"=""0141036613""","=""9780141036618""",0,3.84,Penguin,Mass Market Paperback,126,2008,1946,,2022/07/15,,,read,,,,1,0
90078,An Essay Concerning Human Understanding,John Locke,"Locke, John",,"=""1406790273""","=""9781406790276""",0,3.86,Read Books,Paperback,355,2007,1690,,2022/06/30,,,read,,,,1,0
125777,The Feeling of What Happens: Body and Emotion in the Making of Consciousness,António Damásio,"Damásio, António",,"=""0156010755""","=""9780156010757""",0,4.01,Harcourt,Paperback,386,2000,1999,,2022/06/30,,,read,,,,1,0
5175000,How Could Conscious Experiences Affect Brains?,Max Velmans,"Velmans, Max",,"=""0907845398""","=""9780907845393""",0,3.50,Imprint Academic,Paperback,96,2002,2002,,2022/06/30,to-read,to-read (#11),to-read,,,,0,0
583722,The Blackwell Companion to Consciousness,Max Velmans,"Velmans, Max",,"=""1405120193""","=""9781405120197""",0,4.13,John Wiley & Sons,Hardcover,768,2007,2006,,2022/06/30,to-read,to-read (#10),to-read,,,,0,0
2082774,Dimensions of Personality,Hans Jürgen Eysenck,"Eysenck, Hans Jürgen",,"=""1560009853""","=""9781560009856""",0,4.09,Routledge,Paperback,333,1997,1997,,2022/06/29,,,read,,,,1,0
2069,Consciousness Explained,Daniel C. Dennett,"Dennett, Daniel C.",,"=""0316180661""","=""9780316180665""",0,3.89,Back Bay Books,Paperback,511,1991,1991,,2022/06/29,,,read,,,,1,0
2067,Breaking the Spell: Religion as a Natural Phenomenon,Daniel C. Dennett,"Dennett, Daniel C.",,"=""067003472X""","=""9780670034727""",0,3.89,Viking Adult,Hardcover,464,2006,2006,,2022/06/29,,,read,,,,1,0
31947,Philosophy and the Mirror of Nature,Richard Rorty,"Rorty, Richard",,"=""0691020167""","=""9780691020167""",0,4.03,Princeton University Press,Paperback,424,1981,1979,,2022/06/29,,,read,,,,1,0
980387,The Meaning of Truth (Great Books in Philosophy),William  James,"James, William",,"=""1573921386""","=""9781573921381""",0,3.72,Prometheus,Paperback,330,1997,1909,,2022/06/29,,,read,,,,1,0
28820,The Varieties of Religious Experience,William  James,"James, William",,"=""1402199031""","=""9781402199035""",0,4.01,Adamant Media Corporation,Paperback,519,2000,1902,,2022/06/29,,,read,,,,1,0
385300,An Inquiry Into Meaning and Truth,Bertrand Russell,"Russell, Bertrand",,"=""0415136008""","=""9780415136006""",0,3.95,Routledge,Paperback,364,1996,1940,,2022/06/29,,,read,,,,1,0
31799,The Problems of Philosophy,Bertrand Russell,"Russell, Bertrand",,"=""1421903679""","=""9781421903675""",0,3.91,Indypublish.Com,Paperback,116,2005,1912,,2022/06/29,,,read,,,,1,0
11467562,A Treatise of Human Nature / An Enquiry Concerning Human Understanding / An Enquiry Concerning the Principles of Morals / Dialogues Concerning Natural Religion (David Hume Collection),David Hume,"Hume, David",,"=""""","=""""",0,4.26,,Kindle Edition,1349,2011,2011,,2022/06/29,,,read,,,,1,0
289062,About Face 3: The Essentials of Interaction Design,Alan Cooper,"Cooper, Alan","Robert Reimann, David Cronin","=""0470084111""","=""9780470084113""",0,4.07,John Wiley & Sons Inc,Paperback,610,2007,1995,,2022/06/29,,,read,,,,1,0
32191706,The Color of Law: A Forgotten History of How Our Government Segregated America,Richard Rothstein,"Rothstein, Richard",,"=""1631492853""","=""9781631492853""",5,4.44,Liveright,Hardcover,368,2017,2017,2022/06/20,2022/06/15,,,read,,,,2,0
58437495,For the Good of the World: Why Our Planet's Crises Need Global Agreement Now,A.C. Grayling,"Grayling, A.C.",,"=""0861542665""","=""9780861542666""",5,3.48,Oneworld Publications,Hardcover,240,2022,,2022/06/28,2022/06/15,,,read,,,,1,0
54120408,Klara and the Sun,Kazuo Ishiguro,"Ishiguro, Kazuo",,"=""059331817X""","=""9780593318171""",5,3.75,Alfred A. Knopf,Hardcover,303,2021,2021,2022/02/06,2022/02/07,,,read,,,,1,0
48692505,Lost in Thought: The Hidden Pleasures of an Intellectual Life,Zena Hitz,"Hitz, Zena",,"=""0691189234""","=""9780691189239""",5,3.66,Princeton University Press,ebook,240,2020,2020,2021/09/13,2021/08/25,,,read,,,,1,0
45996732,A Beginner's Guide to the Stock Market,Matthew R. Kratter,"Kratter, Matthew R.",,"=""""","=""""",4,4.05,Trader University,Kindle Edition,100,2019,,2021/08/22,2021/08/21,,,read,,,,1,0
18908413,Happy City: Transforming Our Lives Through Urban Design,Charles Montgomery,"Montgomery, Charles",,"=""""","=""""",0,4.37,"Farrar, Straus and Giroux",Kindle Edition,370,2013,2012,2021/08/21,2018/12/16,,,read,,,,1,0
19033420,"Smart Cities: Big Data, Civic Hackers, and the Quest for a New Utopia",Anthony M. Townsend,"Townsend, Anthony M.",,"=""""","=""""",0,3.61,W. W. Norton & Company,Kindle Edition,407,2013,2013,,2021/01/28,to-read,to-read (#9),to-read,,,,0,0
11990,The Rebel,Albert Camus,"Camus, Albert",,"=""0679733841""","=""9780679733843""",4,4.14,Vintage,Paperback,320,1992,1951,2021/03/28,2021/02/16,,,read,,,,1,0
49552,The Stranger,Albert Camus,"Camus, Albert",Matthew  Ward,"=""""","=""""",5,4.02,Vintage International,Paperback,123,1989,1942,2021/02/16,2021/02/16,,,read,,,,1,0
11540946,"Black Skin, White Masks",Frantz Fanon,"Fanon, Frantz","Kwame Anthony Appiah, Richard Philcox","=""""","=""""",5,4.27,Grove Press,Kindle Edition,206,2008,1952,2021/07/07,2020/12/13,,,read,,,,1,0
25812847,Silk Roads,Peter Frankopan,"Frankopan, Peter",,"=""1408839970""","=""9781408839973""",0,4.18,Bloomsbury,Hardcover,636,2015,2015,,2021/02/16,to-read,to-read (#8),to-read,,,,0,0
24113,"Gödel, Escher, Bach: An Eternal Golden Braid",Douglas R. Hofstadter,"Hofstadter, Douglas R.",,"=""0465026567""","=""9780465026562""",0,4.29,Basic Books,Paperback,777,1999,1979,,2021/02/16,,,read,,,,1,0
1120120,The Brain,Gerald M. Edelman,"Edelman, Gerald M.",Jean-Pierre Changeux,"=""0765807173""","=""9780765807175""",0,4.00,Transaction Publishers,Paperback,291,2000,2000,,2021/02/16,to-read,to-read (#7),to-read,,,,0,0
1574208,The Mindful Brain: Cortical Organization and the Group-Selective Theory of Higher Brain Function (Mit Press),Gerald M. Edelman,"Edelman, Gerald M.",Vernon B. Mountcastle,"=""0262550075""","=""9780262550079""",0,4.42,The MIT Press,Paperback,106,1982,1978,,2021/02/16,to-read,to-read (#6),to-read,,,,0,0
1120070,The Remembered Present: A Biological Theory of Consciousness,Gerald M. Edelman,"Edelman, Gerald M.",,"=""046506910X""","=""9780465069101""",0,3.84,Basic Books,Hardcover,368,1990,1989,,2021/02/16,to-read,to-read (#5),to-read,,,,0,0
1120114,Wider Than the Sky: The Phenomenal Gift of Consciousness,Gerald M. Edelman,"Edelman, Gerald M.",,"=""0300107617""","=""9780300107616""",0,3.66,Yale University Press,Paperback,224,2005,2004,,2021/02/16,to-read,to-read (#4),to-read,,,,0,0
371182,A Universe of Consciousness: How Matter Becomes Imagination,Gerald M. Edelman,"Edelman, Gerald M.",Giulio Tononi,"=""0465013775""","=""9780465013777""",0,4.04,Basic Books,Paperback,288,2001,2000,,2021/02/16,,,read,,,,1,0
615426,The Empiricists: Locke: Concerning Human Understanding; Berkeley: Principles of Human Knowledge & 3 Dialogues; Hume: Concerning Human Understanding & Concerning Natural Religion,Richard  Taylor,"Taylor, Richard","George Berkeley, David Hume, John Locke","=""0385096224""","=""9780385096225""",5,3.55,Anchor,Paperback,528,1961,1960,,2021/02/16,,,read,,,,1,0
11987,The Myth of Sisyphus and Other Essays,Albert Camus,"Camus, Albert",Justin O'Brien,"=""""","=""""",5,4.22,Vintage International,Paperback,212,1991,1942,,2021/02/16,,,read,,,,1,0
230733,Straw Dogs: Thoughts on Humans and Other Animals,John   Gray,"Gray, John",,"=""1862075964""","=""9781862075962""",0,3.94,Granta Books,Paperback,246,2004,2002,,2021/02/16,,,read,,,,1,0
321263,Humanity: A Moral History of the Twentieth Century,Jonathan Glover,"Glover, Jonathan",,"=""0300087152""","=""9780300087154""",0,4.27,Yale University Press,Paperback,480,2001,1999,,2021/02/16,,,read,,,,1,0
258476,Designing Interactions,Bill Moggridge,"Moggridge, Bill",,"=""0262134748""","=""9780262134743""",5,3.98,The MIT Press,Hardcover,766,2007,2006,,2021/01/18,,,read,,,,1,0
6568321,"Universal Principles of Design, Revised and Updated: 125 Ways to Enhance Usability, Influence Perception, Increase Appeal, Make Better Design Decisions, and Teach through Design",William Lidwell,"Lidwell, William","Kritina Holden, Jill Butler","=""1592535879""","=""9781592535873""",5,4.16,Rockport Publishers,Flexibound,272,2010,2003,,2021/01/18,,,read,,,,1,0
8379886,Designing Interfaces: Patterns for Effective Interaction Design,Jenifer Tidwell,"Tidwell, Jenifer",,"=""1449379702""","=""9781449379704""",4,3.83,O'Reilly Media,Paperback,578,2011,2005,,2021/01/18,,,read,,,,1,0
6863658,Effective UI: The Art of Building Great User Experience in Software,Jonathan Anderson,"Anderson, Jonathan","Robb Wilson, John McRee, The EffectiveUI Team","=""059615478X""","=""9780596154783""",4,3.55,O'Reilly Media,Paperback,312,2010,2009,,2021/01/18,,,read,,,,1,0
18652732,Designing with the Mind in Mind: Simple Guide to Understanding User Interface Design Rules,Jeff                                                 Johnson,"Johnson, Jeff",,"=""""","=""""",3,4.10,Morgan Kaufmann,Kindle Edition,201,2010,2010,,2021/01/18,,,read,,,,1,0
19380118,Radical Embodied Cognitive Science (A Bradford Book),Anthony Chemero,"Chemero, Anthony",,"=""""","=""""",5,3.93,A Bradford Book,Kindle Edition,269,2011,2009,,2021/01/18,,,read,,,,1,0
36691901,Self Comes to Mind: Constructing the Conscious Brain,António Damásio,"Damásio, António",,"=""""","=""""",5,3.96,Vintage,Kindle Edition,384,2010,2010,,2021/01/18,,,read,,,,1,0
22713923,How the Body Shapes the Mind,Shaun Gallagher,"Gallagher, Shaun",,"=""0191533963""","=""9780191533969""",5,4.29,Clarendon Press,Kindle Edition,284,2006,2005,,2021/01/18,,,read,,,,1,0
231160,Learning XML,Erik T. Ray,"Ray, Erik T.",,"=""0596004206""","=""9780596004200""",5,3.64,O'Reilly Media,Paperback,416,2003,2001,,2021/01/18,,,read,,,,1,0
10327296,Visual Complexity: Mapping Patterns of Information,Manuel Lima,"Lima, Manuel",,"=""1568989369""","=""9781568989365""",5,3.98,Princeton Architectural Press,Hardcover,272,2011,2011,,2021/01/18,,,read,,,,1,0
18286,Vision Science: Photons to Phenomenology,Stephen E. Palmer,"Palmer, Stephen E.",,"=""0262161834""","=""9780262161831""",5,4.33,The MIT Press,Hardcover,832,1999,1999,,2021/01/18,,,read,,,,1,0
6386509,Mobile Design and Development: Practical concepts and techniques for creating mobile sites and web apps,Brian Fling,"Fling, Brian",,"=""0596155441""","=""9780596155445""",3,3.51,O'Reilly Media,Paperback,311,2009,2009,,2021/01/18,,,read,,,,1,0
9191111,Ecrits: A Selection,Jacques Lacan,"Lacan, Jacques",,"=""""","=""""",4,3.80,,Kindle Edition,394,,1977,,2021/01/18,,,read,,,,1,0
5535026,Scientific Approaches to Consciousness (Carnegie Mellon Symposia on Cognition Series),James Cohen,"Cohen, James",Jonathan W. Schooler,"=""0805814728""","=""9780805814729""",5,5.00,Routledge,Paperback,550,1996,1996,,2021/01/18,,,read,,,,1,0
12551630,"This is Service Design Thinking: Basics, Tools, Cases",Marc Stickdorn,"Stickdorn, Marc",Jakob Schneider,"=""1118156307""","=""9781118156308""",5,4.00,Wiley,Paperback,384,2012,2010,,2021/01/18,,,read,,,,1,0
70132,Information Architecture for the World Wide Web: Designing Large-Scale Web Sites,Peter Morville,"Morville, Peter",Louis Rosenfeld,"=""0596527349""","=""9780596527341""",5,3.93,O'Reilly Media,Paperback,526,2007,1998,,2021/01/18,,,read,,,,1,0
13073411,Mobile Design Pattern Gallery: UI Patterns for Mobile Applications,Theresa Neil,"Neil, Theresa",,"=""1449314325""","=""9781449314323""",3,3.82,O'Reilly Media,Paperback,284,2012,2011,,2021/01/18,,,read,,,,1,0
11231520,Gamification by Design: Implementing Game Mechanics in Web and Mobile Apps,Gabe Zichermann,"Zichermann, Gabe",Christopher Cunningham,"=""1449397670""","=""9781449397678""",3,3.64,O'Reilly Media,Paperback,182,2011,2011,,2021/01/18,,,read,,,,1,0
433443,"An Introduction to Information Theory: Symbols, Signals and Noise (Dover Books on Mathematics)",John Robinson Pierce,"Pierce, John Robinson",,"=""0486240614""","=""9780486240619""",5,3.91,Dover Publications,Paperback,306,1980,1961,,2021/01/18,,,read,,,,1,0
18894948,Resilience: Why Things Bounce Back,Andrew Zolli,"Zolli, Andrew",Ann Marie Healy,"=""""","=""""",5,3.63,Free Press,Kindle Edition,338,2012,2012,,2021/01/18,,,read,,,,1,0
19025251,The Elementary Forms of the Religious Life [Active TOC & Linked Notes] (Classics of the Social Sciences),Émile Durkheim,"Durkheim, Émile","Joseph Ward Swain, Steven Alan Childress","=""""","=""""",5,3.93,Quid Pro Books,Kindle Edition,459,2012,1912,,2021/01/18,,,read,,,,1,0
773524,The Culture of Cities (Book 2),Lewis Mumford,"Mumford, Lewis",,"=""0156233010""","=""9780156233019""",5,4.06,Mariner Books,Paperback,586,1970,1938,,2021/01/18,,,read,,,,1,0
1049909,"Sensorium: Embodied Experience, Technology, and Contemporary Art (Mit Press)",Caroline A. Jones,"Jones, Caroline A.",,"=""0262101173""","=""9780262101172""",3,4.15,The MIT Press,Paperback,268,2006,2006,,2021/01/18,,,read,,,,1,0
18827531,Sigmund Freud's Classics,Sigmund Freud,"Freud, Sigmund",,"=""""","=""9781614304692""",5,3.75,Acheron Press,Kindle Edition,2715,2012,2012,,2021/01/18,,,read,,,,1,0
19057380,The Stages in the Social History of Capitalism,Henri Pirenne,"Pirenne, Henri",,"=""""","=""""",4,3.81,,Kindle Edition,36,2011,1914,,2021/01/18,,,read,,,,1,0
2117148,The City In Mind: Notes on the Urban Condition,James Howard Kunstler,"Kunstler, James Howard",,"=""0684845911""","=""9780684845913""",5,3.82,Free Press,Hardcover,272,2002,2001,,2021/01/18,,,read,,,,1,0
538867,Home from Nowhere: Remaking Our Everyday World for the 21st Century,James Howard Kunstler,"Kunstler, James Howard",,"=""0684811960""","=""9780684811963""",5,3.83,Simon & Schuster,Hardcover,320,1996,1996,,2021/01/18,,,read,,,,1,0
125313,The Geography of Nowhere: The Rise and Decline of America's Man-Made Landscape,James Howard Kunstler,"Kunstler, James Howard",,"=""0671888250""","=""9780671888251""",5,4.06,Free Press,Paperback,304,1994,1993,,2021/01/18,,,read,,,,1,0
8322332,"Designing Social Interfaces: Principles, Patterns, and Practices for Improving the User Experience (Animal Guide)",Christian Crumlish,"Crumlish, Christian",,"=""""","=""""",5,3.89,,Kindle Edition,518,,2009,,2021/01/18,,,read,,,,1,0
18924295,Storytelling for User Experience: Crafting Stories For Better Design,Whitney Quesenbery,"Quesenbery, Whitney",Kevin Brooks,"=""1933820039""","=""9781933820033""",5,3.74,Rosenfeld Media,Kindle Edition,298,2010,2010,,2021/01/18,,,read,,,,1,0
744460,Rapid Contextual Design,Karen Holtzblatt,"Holtzblatt, Karen","Jessamyn Wendell, Shelley Wood","=""0123540518""","=""9780123540515""",5,3.67,Morgan Kaufmann,Paperback,320,2004,2004,,2021/01/18,,,read,,,,1,0
19413037,"The Wave in the Mind: Talks and Essays on the Writer, the Reader, and the Imagination",Ursula K. Le Guin,"Guin, Ursula K. Le",,"=""""","=""""",1,4.33,Shambhala,Kindle Edition,294,2004,2004,,2021/01/18,,,read,,,,1,0
540287,On Writing Well: The Classic Guide to Writing Nonfiction,William Zinsser,"Zinsser, William",,"=""0062735233""","=""9780062735232""",5,4.24,HarperPerennial,Paperback,308,1998,1976,,2021/01/18,,,read,,,,1,0
21449078,On Revolution,Hannah Arendt,"Arendt, Hannah",Jonathan Schell,"=""1101662646""","=""9781101662649""",5,4.01,Penguin Classics,Kindle Edition,336,2006,1956,,2021/01/18,,,read,,,,1,0
22843271,Eloquent JavaScript: A Modern Introduction to Programming,Marijn Haverbeke,"Haverbeke, Marijn",,"=""""","=""9781593275846""",5,4.15,No Starch Press,Paperback,478,2014,2010,,2021/01/18,,,read,,,,1,0
16219704,JavaScript and jQuery: Interactive Front-End Web Development,Jon Duckett,"Duckett, Jon",,"=""1118531647""","=""9781118531648""",4,4.29,Wiley,Paperback,640,2014,2013,,2021/01/18,,,read,,,,1,0
10361330,HTML and CSS: Design and Build Websites,Jon Duckett,"Duckett, Jon",,"=""1118008189""","=""9781118008188""",4,4.30,Wiley,Paperback,514,2011,2011,,2021/01/18,,,read,,,,1,0
9637570,Designing Search: UX Strategies for eCommerce Success,Greg Nudelman,"Nudelman, Greg",Pabini Gabriel-Petit,"=""0470942231""","=""9780470942239""",3,3.86,Wiley,Paperback,368,2011,2011,,2021/01/18,,,read,,,,1,0
7088205,Search Patterns: Design for Discovery,Peter Morville,"Morville, Peter",Jeffery Callender,"=""0596802277""","=""9780596802271""",5,3.87,O'Reilly Media,Paperback,191,2010,2010,,2021/01/18,,,read,,,,1,0
6472591,"Faceted Search (Synthesis Lectures on Information Concepts, Retrieval, and Services, 5)",Daniel Tunkelang,"Tunkelang, Daniel",,"=""1598299999""","=""9781598299991""",5,3.92,Morgan and Claypool Publishers,Paperback,79,2009,2009,,2021/01/18,,,read,,,,1,0
23129115,The Bertrand Russell Collection: 8 Classic Works,Bertrand Russell,"Russell, Bertrand",,"=""""","=""""",5,4.27,Waxkeep Publishing,Kindle Edition,,2014,1972,,2021/01/18,,,read,,,,1,0
18310312,Critique of Everyday Life,Henri Lefebvre,"Lefebvre, Henri",,"=""1781683182""","=""9781781683187""",5,4.16,Verso,Hardcover,912,2035,2014,,2021/01/18,,,read,,,,1,0
30111311,In Search of Lost Time [volumes 1 to 7],Marcel Proust,"Proust, Marcel",,"=""""","=""""",5,4.34,Marcel Proust,Kindle Edition,1867,2016,1927,,2021/01/18,,,read,,,,1,0
405880,"Mathematics: Its Content, Methods and Meaning (3 Volumes in One) (Dover Books on Mathematics)",A.D. Aleksandrov,"Aleksandrov, A.D.","A.N. Kolomogorov, M.A. Lavrent’ev","=""0486409163""","=""9780486409160""",3,4.44,Dover Publications,Paperback,1120,1999,1963,,2021/01/18,,,read,,,,1,0
76479,A Field Guide to Getting Lost,Rebecca Solnit,"Solnit, Rebecca",,"=""0143037242""","=""9780143037248""",5,3.92,Penguin Books,Paperback,209,2006,2005,,2021/01/18,,,read,,,,1,0
15802147,The Complete Calvin and Hobbes,Bill Watterson,"Watterson, Bill",,"=""1449433251""","=""9781449433253""",5,4.81,Andrews McMeel Publishing (Andrews McMeel Universal),Paperback,1456,2012,2005,,2021/01/18,,,read,,,,1,0
21406547,Innovating for People: Human-Centered Design Planning Cards,LUMA Institute,"Institute, LUMA",,"=""098575091X""","=""9780985750916""",5,4.71,LUMA Institute,Cards,38,2012,,,2021/01/18,,,read,,,,1,0
34122206,The Secret Lives of Color,Kassia St. Clair,"Clair, Kassia St.",,"=""0143131141""","=""9780143131144""",5,4.12,Penguin Books,Hardcover,320,2017,2016,,2021/01/18,,,read,,,,1,0
25061521,The Field Guide to Human-Centered Design,IDEO.org,"IDEO.org, IDEO.org",,"=""""","=""9780991406319""",5,4.16,,Paperback,192,2015,2015,,2021/01/18,,,read,,,,1,0
51480487,"Rock Climbing for the Absolute Beginner: A Complete Guide to Bouldering, Mountaineering, Top-Rope & Trad Climbing- Includes Knot Tying Tutorials",K.J. Moore,"Moore, K.J.",,"=""1672899133""","=""9781672899130""",5,4.63,Independently published,Paperback,181,2019,,,2021/01/18,,,read,,,,1,0
41484259,Rock Climbing Technique: The Practical Guide to Movement Mastery,John Kettle,"Kettle, John",,"=""1999654404""","=""9781999654405""",5,4.46,John Kettle,Paperback,140,2018,,,2021/01/18,,,read,,,,1,0
21981721,"How to Solve It: A New Aspect of Mathematical Method (Princeton Science Library, 34)",George Pólya,"Pólya, George",John H. Conway,"=""069116407X""","=""9780691164076""",5,4.14,Princeton University Press,Paperback,288,2014,1944,,2021/01/18,,,read,,,,1,0
48656150,On the Road,Jack Kerouac,"Kerouac, Jack",,"=""0140283293""","=""9780140283297""",5,3.61,Penguin Books,Paperback,293,2019,1957,,2021/01/18,,,read,,,,1,0
55520876,How to Build a Motorcycle: A Nut-and-Bolt Guide to Customizing Your Bike,Gary Inman,"Inman, Gary",Gilbert Adi,"=""1786277581""","=""9781786277589""",5,4.29,Laurence King Publishing,Hardcover,192,2020,,,2021/01/18,,,read,,,,1,0
34083908,On Tyranny: Twenty Lessons from the Twentieth Century,Timothy Snyder,"Snyder, Timothy",,"=""""","=""""",0,4.19,Crown,Kindle Edition,110,2017,2017,,2017/11/28,,,read,,,,1,0
28945929,Cities I've Never Lived In,Sara Majka,"Majka, Sara",,"=""""","=""""",0,3.49,Graywolf Press,Kindle Edition,175,2016,2016,,2018/11/06,to-read,to-read (#3),to-read,,,,0,0
31120659,The Economy of Cities,Jane Jacobs,"Jacobs, Jane",,"=""0525432868""","=""""",0,4.10,Vintage,Kindle Edition,262,2016,1969,,2018/12/15,to-read,to-read (#2),to-read,,,,0,0
19306665,On the Shortness of Life,Seneca,"Seneca, Seneca",Charles Desmond Nuttall Costa,"=""""","=""""",5,4.18,Penguin Books,Kindle Edition,111,2005,49,2015/01/05,2015/01/05,,,read,,,,1,0
25773347,"The Complete Works of Fyodor Dostoyevsky: Novels, Short Stories and Autobiographical Writings: The Entire Opus of the Great Russian Novelist, Journalist ... The Idiot, Notes from the Underground...",Fyodor Dostoevsky,"Dostoevsky, Fyodor","Fyodor Dostoyevsky, Constance Garnett, C.J. Hogarth","=""8026837894""","=""9788026837893""",0,4.54,e-artnow ebooks,Kindle Edition,7718,2015,1954,,2015/11/28,to-read,to-read (#1),to-read,,,,0,0
6632331,"Exploratory Search: Beyond the Query-Response Paradigm (Synthesis Lectures on Information Concepts, Retrieval & Services)",Ryen White,"White, Ryen",Resa A. Roth,"=""159829783X""","=""9781598297836""",0,4.67,Morgan and Claypool Publishers,Paperback,108,2009,2009,2018/11/25,2015/12/09,,,read,,,,1,0
10251325,Process and Reality,Alfred North Whitehead,"Whitehead, Alfred North",,"=""""","=""""",0,4.20,,Kindle Edition,452,,1929,2018/11/25,2016/01/27,,,read,,,,1,0
8175234,History of Madness,Michel Foucault,"Foucault, Michel","Jean Khalfa, Jonathan Murphy","=""""","=""""",0,4.09,Routledge,ebook,736,2013,1961,,2015/12/03,,,read,,,,1,0
8723786,The Concept of Nature: The Tarner Lectures Delivered in Trinity College 11/1919,Alfred North Whitehead,"Whitehead, Alfred North",,"=""""","=""""",3,3.79,,Kindle Edition,,,1920,2016/01/27,2015/12/13,,,read,"<strong>Interesting exposition but could be more plainly written</strong><br/><br/>Whiteheads thesis in this book is outlines a structure for understanding nature in a novel way that, once you penetrate the writing has coherence. It won't give you a modern view but would make interesting reading for anyone interested in metaphysics. The only area lacking is that his symbolism is hard to follow and his coinage of new words unnecessary. Otherwise a pleasant challenge to read. ",,,1,0
19185075,Wired for Culture: Origins of the Human Social Mind,Mark Pagel,"Pagel, Mark",,"=""""","=""""",0,3.88,W. W. Norton & Company,Kindle Edition,431,2012,2012,,2015/12/03,,,read,,,,1,0
22549635,"Suicide, a study in sociology:",Émile Durkheim,"Durkheim, Émile",,"=""""","=""""",0,3.85,,Kindle Edition,398,2012,1897,,2015/12/03,,,read,,,,1,0
19049131,The Stuff of Thought: Language as a Window into Human Nature,Steven Pinker,"Pinker, Steven",,"=""""","=""""",0,3.91,Penguin,Kindle Edition,524,2008,2007,,2015/12/03,,,read,,,,1,0
6447331,Pragmatism,William  James,"James, William",,"=""""","=""""",0,3.89,,Kindle Edition,133,,1907,,2015/12/03,,,read,,,,1,0
19335404,Mere Possibilities: Metaphysical Foundations of Modal Semantics (Carl G. Hempel Lecture Series Book 2),Robert C. Stalnaker,"Stalnaker, Robert C.",,"=""""","=""""",0,3.78,Princeton University Press,Kindle Edition,182,2011,2011,,2015/12/03,,,read,,,,1,0
15788803,A Letter to a Hindu,Leo Tolstoy,"Tolstoy, Leo",,"=""""","=""""",0,3.77,Public Domain Books,Kindle Edition,17,2012,1908,,2015/12/03,,,read,,,,1,0
10980255,"The Incarnate Subject: Malebranche, Biran, and Bergson on the Union of Body and Soul (Contemporary Studies in Philosophy and the Human Sciences): Malebranche, ... and Bergson on the Union of Body and Soul",Maurice Merleau-Ponty,"Merleau-Ponty, Maurice","Andrew G. Bjelland, Patrick Burke, Paul B. Milan","=""""","=""""",0,3.38,,Kindle Edition,152,,1997,,2015/12/03,,,read,,,,1,0
6392034,Discourse on the Origin of Inequality,Jean-Jacques Rousseau,"Rousseau, Jean-Jacques",,"=""""","=""""",0,3.79,,Kindle Edition,142,,1755,,2015/12/03,,,read,,,,1,0
18924537,Delusion and Dream,Sigmund Freud,"Freud, Sigmund",,"=""""","=""""",0,3.78,Acheron Press,Kindle Edition,136,2012,2010,,2015/12/03,,,read,,,,1,0
8302426,Civilization and Its Discontents,Sigmund Freud,"Freud, Sigmund",David McLintock,"=""""","=""""",0,3.80,Penguin,Kindle Edition,97,2002,1930,,2015/12/03,,,read,,,,1,0
26361369,"Understanding Context: Environment, Language, and Information Architecture",Andrew Hinton,"Hinton, Andrew",,"=""""","=""9781449323172""",5,4.11,O'Reilly Media,Paperback,440,2014,2014,2015/11/21,2015/11/21,,,read,Just finished Understanding Context. Hinton has done an excellent job of taking some core principles in a field of psychology that is still emerging and framed the relevance of contextual thinking in the work we do as designers of digital systems. Truly impressed.,,,1,0
58233,"From Dawn to Decadence: 500 Years of Western Cultural Life, 1500 to the Present",Jacques Barzun,"Barzun, Jacques",,"=""0060928832""","=""9780060928834""",5,4.13,Harper Perennial,Paperback,828,2001,2000,,2015/10/05,,,read,,,,1,0
243685,A History of Western Philosophy,Bertrand Russell,"Russell, Bertrand",,"=""0671201581""","=""9780671201586""",5,4.12,Simon & Schuster,Paperback,906,1986,1945,,2015/10/05,,,read,,,,1,0
5976571,Essays of Schopenhauer,Arthur Schopenhauer,"Schopenhauer, Arthur",Mrs. Rudolf Dircks,"=""1406596183""","=""9781406596182""",5,4.06,Dodo Pr,Paperback,184,2008,1882,,2015/10/05,,,read,,,,1,0
80313,Dialogues Concerning Natural Religion,David Hume,"Hume, David",Richard H. Popkin,"=""0872204022""","=""9780872204027""",5,3.97,Hackett Publishing Company,Paperback,160,1998,1779,,2015/10/05,,,read,,,,1,0
80311,A Treatise of Human Nature,David Hume,"Hume, David",,"=""1406927554""","=""9781406927559""",5,3.94,Hard Press,Paperback,434,2006,1739,,2015/10/05,,,read,,,,1,0
130119,An Enquiry Concerning Human Understanding,David Hume,"Hume, David",,"=""1420926993""","=""9781420926996""",5,3.94,Digireads.Com,Paperback,96,2006,1748,,2015/10/05,,,read,,,,1,0
13104062,"The Science of Consciousness: Psychological, Neuropsychological and Clinical Reviews",Max Velmans,"Velmans, Max",,"=""0415110823""","=""9780415110822""",5,3.00,Routledge,Paperback,224,1996,1996,,2015/10/05,,,read,,,,1,0
1522406,Understanding Consciousness,Max Velmans,"Velmans, Max",,"=""0415224926""","=""9780415224925""",5,4.05,Routledge,Paperback,,2000,2000,,2015/10/05,,,read,,,,1,0
170016,Cognitive Neuroscience: The Biology of the Mind,Michael S. Gazzaniga,"Gazzaniga, Michael S.","Richard B. Ivry, G.R. Mangun","=""0393977773""","=""9780393977776""",4,4.12,W W Norton & Co Inc,Hardcover,680,2002,1998,,2015/10/05,,,read,,,,1,0
2875137,Mental Models: Aligning Design Strategy with Human Behavior,Indi Young,"Young, Indi",,"=""1933820063""","=""9781933820064""",5,3.87,Rosenfeld Media,Paperback,299,2008,2008,,2015/10/05,,,read,,,,1,0
24968922,Contextual Design: Evolved (Synthesis Lectures on Human-centered Informatics),Karen Holtzblatt,"Holtzblatt, Karen",Hugh Beyer,"=""1627055584""","=""9781627055581""",5,4.31,Morgan & Claypool,Paperback,91,2014,2014,,2015/10/05,,,read,,,,1,0
18942729,The Life of the Mind: The Groundbreaking Investigation on How We Think,Hannah Arendt,"Arendt, Hannah",Mary McCarthy,"=""""","=""""",4,4.25,Mariner Books,Kindle Edition,553,1981,1971,2015/09/21,2015/09/21,,,read,,,,1,0
19322658,Violence (BIG IDEAS//small books),Slavoj Žižek,"Žižek, Slavoj",Slavoj  Zizek,"=""""","=""""",0,3.88,Picador,Kindle Edition,301,2008,2007,,2015/09/20,,,read,,,,1,0
6075357,The World of Perception,Maurice Merleau-Ponty,"Merleau-Ponty, Maurice",,"=""""","=""""",0,3.98,,Kindle Edition,136,,2002,,2015/09/20,,,read,,,,1,0
19285518,Embodied Cognition (New Problems of Philosophy Book 9),Lawrence A. Shapiro,"Shapiro, Lawrence A.",,"=""""","=""""",0,3.92,Routledge,Kindle Edition,336,2010,2010,,2015/09/20,,,read,,,,1,0
6587842,The Order of Things: An Archaeology of the Human Sciences,Michel Foucault,"Foucault, Michel",,"=""""","=""""",0,4.12,Routledge,Kindle Edition,448,2001,1966,,2015/09/20,,,read,,,,1,0
22612510,Introduction to Mathematical Philosophy,Bertrand Russell,"Russell, Bertrand",,"=""""","=""""",5,4.04,Heraklion Press,Kindle Edition,214,2014,1918,2015/06/16,2015/06/16,,,read,,,,1,0
19006787,Rebel Cities: From the Right to the City to the Urban Revolution,David Harvey,"Harvey, David",,"=""""","=""""",4,3.92,Verso,Kindle Edition,207,2012,2012,2015/05/05,2015/05/05,,,read,,,,1,0
17448350,City 2.0: The Habitat of the Future and How to Get There,TED Books,"Books, TED",,"=""1937382311""","=""9781937382315""",5,3.75,TED Conferences,Kindle Edition,119,2013,2013,2015/04/17,2015/04/17,,,read,,,,1,0
23314559,Talking to Humans,Giff Constable,"Constable, Giff",,"=""0990800911""","=""""",5,4.07,,Kindle Edition,75,2014,2014,2015/04/13,2015/04/13,,,read,,,,1,0
24473905,The Design of Scarcity,Jon Goodbun,"Goodbun, Jon",,"=""""","=""""",5,4.26,Strelka Press,Kindle Edition,47,2014,2014,2015/04/02,2015/04/02,,,read,,,,1,0
13337800,A Collection Of Essays (Harvest Book),George Orwell,"Orwell, George",,"=""""","=""""",5,4.30,,Kindle Edition,319,,1941,2015/03/28,2015/03/28,,,read,,,,1,0
18991506,The Ego and the Id,Sigmund Freud,"Freud, Sigmund",,"=""""","=""""",4,3.82,,Kindle Edition,47,2013,1923,2015/03/05,2015/03/05,,,read,,,,1,0
8281968,An Essay on Liberation,Herbert Marcuse,"Marcuse, Herbert",,"=""""","=""""",5,3.80,,Kindle Edition,109,,1969,2015/02/25,2015/02/25,,,read,,,,1,0
10821276,Illuminations: Essays and Reflections,Walter Benjamin,"Benjamin, Walter",,"=""""","=""""",4,4.30,,Kindle Edition,307,,1955,2015/02/20,2015/02/20,,,read,,,,1,0
10165553,Boundaries of the Mind: The Individual in the Fragile Sciences - Cognition,Robert Andrew Wilson,"Wilson, Robert Andrew",,"=""0511447493""","=""9780511447495""",5,3.91,,Kindle Edition,390,,2004,2015/01/31,2015/01/31,,,read,,,,1,0
18711308,"Age of Context: Mobile, Sensors, Data and the Future of Privacy",Robert Scoble,"Scoble, Robert",Shel Israel,"=""""","=""""",4,3.62,Patrick Brewster Press,Kindle Edition,248,2014,2013,2015/01/01,2015/01/01,,,read,,,,1,0
23211016,The Epic Struggle of the Internet of Things,Bruce Sterling,"Sterling, Bruce",,"=""""","=""""",5,3.81,Strelka Press,Kindle Edition,30,2014,2014,2014/12/10,2014/12/10,,,read,,,,1,0
18978532,On Human Nature,Edward O. Wilson,"Wilson, Edward O.",,"=""0674076583""","=""""",5,4.14,Harvard University Press,Kindle Edition,285,2012,1978,2014/09/21,2014/09/21,,,read,,,,1,0
20824675,A Natural History of Human Thinking,Michael Tomasello,"Tomasello, Michael",,"=""0674727576""","=""9780674727571""",5,3.97,Harvard University Press,Kindle Edition,193,2014,2014,2014/09/08,2014/09/08,,,read,,,,1,0
18992000,Metaphors We Live By,George Lakoff,"Lakoff, George",Mark  Johnson,"=""""","=""""",5,4.10,The University of Chicago Press,Kindle Edition,294,2008,1980,2014/09/01,2014/09/01,,,read,,,,1,0
