Book Id,Title,type,Author,Author l-f,Additional Authors,ISBN,ISBN13,My Rating,Average Rating,Publisher,Binding,Number of Pages,Year Published,Original Publication Year,Date Added,Summary,Tags,Genres,Category,Text,Linked Data,Owned Copies
8182847,Masterpieces of the French Enlightenment (Unexpurgated Edition) (Halcyon Classics),book,Various,"Various, Various","Voltaire, Jean-Jacques Rousseau, Denis Diderot, Nicolas de Condorcet, Montesquieu",,,0,3.6,,Kindle Edition,2099,,2010,6/30/2024,,,,,,,0
169481,Image and Reality of the Israel-Palestine Conflict,book,Norman G. Finkelstein,"Finkelstein, Norman G.",,1859844421,9781859844427,0,4.31,Verso Books,Paperback,256,2003,1995,6/11/2024,,,,,,,0
23339559,Method and Madness: The Hidden Story of Israel's Assaults on Gaza,book,Norman G. Finkelstein,"Finkelstein, Norman G.",,,9781939293718,0,4.2,OR Books,Paperback,236,2014,2014,6/11/2024,,,,,,,0
35070437,Gaza: An Inquest into Its Martyrdom,book,Norman G. Finkelstein,"Finkelstein, Norman G.",,0520295714,9780520295711,5,4.65,University of California Press,Hardcover,408,2018,2018,2/11/2024,,,,,,,0
19237596,Mathematics for Physicists (Dover Books on Physics),book,Philippe Dennery,"Dennery, Philippe",Andre Krzywicki,0486157121,9780486157122,0,3.78,Dover Publications,Kindle Edition,420,2012,1996,5/25/2024,,,,,,,0
60101006,On Suicide,book,Émile Durkheim,"Durkheim, Émile","Richard Sennett, Robin Buss",014191534X,9780141915340,0,3.85,Penguin,ebook,0,2006,1897,7/28/2023,,,,,,,0
662867,"The Complete Works: Essays, Travel Journal, Letters",book,Michel de Montaigne,"Montaigne, Michel de","William  Hazlitt, Donald M. Frame",,,0,4.47,Everyman's Library,Hardcover,1336,2003,1592,3/31/2024,,,,,,,0
19830550,Introduction to Artificial Intelligence,book,Philip C. Jackson Jr.,"Jr., Philip C. Jackson",,,,0,3.69,Dover Publications,Kindle Edition,512,2013,1974,4/27/2021,,,,,,,0
127230,On Violence,book,Hannah Arendt,"Arendt, Hannah",,0156695006,9780156695008,5,3.77,Harvest Books,Paperback,106,1970,1970,10/5/2015,,,,,,,0
51152447,Caste: The Origins of Our Discontents,book,Isabel Wilkerson,"Wilkerson, Isabel",,0593230256,9780593230251,0,4.53,Random House,Hardcover,544,2020,2020,2/9/2024,,,,,,,0
52663561,An Introduction to Statistical Mechanics and Thermodynamics,book,Robert Swendsen,"Swendsen, Robert",,0198853238,9780198853237,0,0,"Oxford University Press, USA",Hardcover,496,2020,,1/18/2024,,,,,,,0
1157237,The New Cognitive Neurosciences,book,Michael S. Gazzaniga,"Gazzaniga, Michael S.",,0262071959,9780262071956,5,3.8,Bradford Books,Hardcover,1433,1999,1995,1/13/2024,,,,,,,0
383472,Statistical Inference,book,George Casella,"Casella, George",Roger L. Berger,0534243126,9780534243128,0,4.16,Cengage Learning,Hardcover,660,2001,2001,1/9/2024,,,,,,,0
17346976,Learning Python: Powerful Object-Oriented Programming,book,Mark Lutz,"Lutz, Mark",,1449355730,9781449355739,0,4,O'Reilly Media,Paperback,1643,2013,2013,1/15/2023,,,,,,,0
52048869,Introduction to Philosophy of Technology,book,Mark Coeckelbergh,"Coeckelbergh, Mark",,019093980X,9780190939809,0,4.1,"Oxford University Press, USA",Paperback,336,2019,2019,7/25/2023,,,,,,,0
1152622,Calculus: Concepts and Methods,book,Ken Binmore,"Binmore, Ken",Joan Davies,0521775418,9780521775410,0,4.06,Cambridge University Press,Paperback,567,2001,2001,4/14/2023,,,,,,,0
74963630,Essential Math for AI: Next-Level Mathematics for Efficient and Successful AI Systems,book,Hala Nelson,"Nelson, Hala",,1098107632,9781098107635,0,3.8,,Paperback,552,2023,,12/7/2023,,,,,,,0
1262859,Geometry,book,David A. Brannan,"Brannan, David A.","Matthew F. Esplen, Jeremy J. Gray",0521597870,9780521597876,0,4.18,Cambridge University Press,Paperback,512,1999,1999,4/8/2023,,,,,,,0
6184339,The Workflow of Data Analysis Using Stata,book,J. Scott Long,"Long, J. Scott",,1597180475,9781597180474,0,4.49,Stata Press,Paperback,379,2008,2008,9/12/2023,,,,,,,0
393199,Down and Out in Paris and London,book,George Orwell,"Orwell, George",,015626224X,9780156262248,0,4.09,Mariner Books,Paperback,213,1972,1933,11/28/2023,,,,,,,0
155777,"Differential Equations, Dynamical Systems, and an Introduction to Chaos (Pure and Applied Mathematics)",book,Morris W. Hirsch,"Hirsch, Morris W.","Stephen Smale, Robert L. Devaney",0123497035,9780123497031,0,3.61,Academic Press,Hardcover,432,2003,2003,8/30/2023,,,,,,,0
40655766,Neural Networks and Deep Learning: A Textbook,book,Charu C. Aggarwal,"Aggarwal, Charu C.",,3319944622,9783319944623,0,4.22,Springer,Hardcover,524,2018,,11/14/2023,,,,,,,0
81409052,Essential Math for AI,book,Hala Nelson,"Nelson, Hala",,1098107594,9781098107598,0,3,O'Reilly Media,Kindle Edition,1035,2023,,9/17/2023,,,,,,,0
42366034,"Numerical Python: Scientific Computing and Data Science Applications with Numpy, SciPy and Matplotlib",book,Robert Johansson,"Johansson, Robert",,1484242459,9781484242452,0,4.05,Apress,Paperback,723,2018,2015,5/6/2023,,,,,,,0
450366,Calculus: An Intuitive and Physical Approach,book,Morris Kline,"Kline, Morris",,0486404536,9780486404530,0,4.31,Dover Publications,Paperback,960,1998,1967,9/30/2023,,,,,,,0
2341839,Mathematics for Economics and Finance: Methods and Modelling,book,Martin Anthony,"Anthony, Martin",Norman Biggs,0521559138,9780521559133,4,3.7,Cambridge University Press,Paperback,407,1996,1996,10/22/2022,,,,,,,0
70111582,"INTEGRATION FOR CALCULUS, ANALYSIS, AND DIFFERENTIAL EQUAATIONS: TECHNIQUES, EXAMPLES AND EXERCISES",book,Marat V Markin,"Markin, Marat V",,1944660097,9781944660093,0,0,WORLD SCIENTIFIC INDIA,Paperback,0,2022,,9/17/2023,,,,,,,0
161563855,"Data Analysis: An Introduction (Quantitative Applications in the Social Sciences) 1st by Lewis-Beck, Michael S. (1995) Paperback",book,Michael S. Lewis-Beck,"Lewis-Beck, Michael S.",,,,0,3.67,"SAGE Publications, Inc",Paperback,0,,1995,9/12/2023,,,,,,,0
40363665,"Hands-On Machine Learning with Scikit-Learn, Keras, and TensorFlow: Concepts, Tools, and Techniques to Build Intelligent Systems",book,Aurélien Géron,"Géron, Aurélien",,1492032646,,0,4.56,O'Reilly Media,Paperback,848,2019,2017,5/6/2023,,,,,,,0
4327041,The Asymmetrical Brain,book,Kenneth Hugdahl,"Hugdahl, Kenneth",Richard J. Davidson,0262083094,9780262083096,0,4,Bradford Books,Hardcover,732,2002,2002,4/4/2023,,,,,,,0
4928759,Linear algebra,book,Georgi E. Shilov,"Shilov, Georgi E.",,0135367557,9780135367551,0,4.02,Prentice-Hall,Hardcover,387,1971,1971,3/25/2023,,,,,,,0
6883424,Principles of Mathematics (Routledge Classics),book,Bertrand Russell,"Russell, Bertrand",,0415487412,9780415487412,0,4.06,Routledge,Paperback,600,2009,1903,8/7/2022,,,,,,,0
11713,The English Patient,book,Michael Ondaatje,"Ondaatje, Michael",,0771068719,9780771068713,0,3.86,McClelland & Stewart,Hardcover,320,2006,1992,7/25/2023,,,,,,,0
18144590,The Alchemist,book,Paulo Coelho,"Coelho, Paulo",,0062315005,9780062315007,0,3.91,HarperOne,Paperback,182,2014,1988,7/25/2023,,,,,,,0
600168,So Human an Animal: How We are Shaped by Surroundings and Events,book,René Dubos,"Dubos, René","David Mechanic, Jill Cooper",0765804298,9780765804297,0,3.93,Routledge,Paperback,292,1998,1968,7/25/2023,,,,,,,0
6530742,Bridging the Gap to University Mathematics,book,Edward Hurst,"Hurst, Edward",,1848002890,9781848002890,4,3.87,Springer,Paperback,360,2009,2008,11/1/2022,,,,,,,0
1443432,Critique of Everyday Life,book,Henri Lefebvre,"Lefebvre, Henri",,1844671917,9781844671915,0,4.1,Verso Books,Paperback,312,2008,1947,4/4/2023,,,,,,,0
31293622,The Constitution of Consciousness: A Study in Analytic Phenomenology (Studies in Philosophy),book,Wolfgang Huemer,"Huemer, Wolfgang",,,,0,3,Routledge,Kindle Edition,116,2005,2004,4/4/2023,,,,,,,0
13688946,Cognitive Phenomenology,book,Tim Bayne,"Bayne, Tim",Michelle Montague,0199579938,9780199579938,0,3.57,Oxford University Press,Hardcover,378,2012,2011,4/4/2023,,,,,,,0
654628,Phenomenology and Philosophy of Mind,book,David Woodruff Smith,"Smith, David Woodruff",,0199272441,9780199272440,0,3.67,Clarendon Press,Hardcover,332,2005,2005,4/4/2023,,,,,,,0
18279,Phenomenology of Perception,book,Maurice Merleau-Ponty,"Merleau-Ponty, Maurice",Colin Smith,0415278414,9780415278416,0,4.17,Routledge,Paperback,544,2005,1945,4/4/2023,,,,,,,0
584608,"Language, Truth, and Logic",book,A.J. Ayer,"Ayer, A.J.",,0486200108,9780486200101,0,3.76,Dover Publications (NYC),Paperback,160,1952,1936,4/4/2023,,,,,,,0
117833,The Master and Margarita,book,Mikhail Bulgakov,"Bulgakov, Mikhail","Hans Fronius, Diana Lewis Burgin, Ellendea Proffer, Katherine Tiernan O'Connor",0679760806,9780679760801,0,4.29,Vintage International,Paperback,372,1996,1967,4/4/2023,,,,,,,0
56215409,Foundations of Modern Physics,book,Steven Weinberg,"Weinberg, Steven",,1108841767,9781108841764,0,4.27,Cambridge University Press,Hardcover,320,2021,,1/13/2023,,,,,,,0
19169605,The Complete Idiot's Guide to Algebra,book,W. Michael Kelley,"Kelley, W. Michael",,,,5,3.61,Alpha,Kindle Edition,336,2007,2004,1/18/2021,,,,,,,0
2074648,"Self-Organized Criticality: Emergent Complex Behavior in Physical and Biological Systems (Cambridge Lecture Notes in Physics, Series Number 10)",book,Henrik Jeldtoft Jensen,"Jensen, Henrik Jeldtoft",,0521483719,9780521483711,0,3.67,Cambridge University Press,Paperback,168,1998,1998,1/2/2023,,,,,,,0
8768156,"Critical Thinking, Reading, and Writing: A Brief Guide to Argument",book,Sylvan Barnet,"Barnet, Sylvan",Hugo Bedau,0312601603,9780312601607,0,3.56,Bedford/St. Martin's,Paperback,592,2010,,3/26/2023,,,,,,,0
18288,Critique of Pure Reason,book,Immanuel Kant,"Kant, Immanuel","Paul Guyer, Allen W. Wood",0521657296,9780521657297,0,3.96,Cambridge University Press,Paperback,785,1999,1781,3/26/2023,,,,,,,0
50364458,The Tyranny of Merit: What's Become of the Common Good?,book,Michael J. Sandel,"Sandel, Michael J.",,0241407605,9780241407608,0,4.19,Allen Lane,Paperback,272,2020,2020,3/26/2023,,,,,,,0
433567,Flatland: A Romance of Many Dimensions,book,Edwin A. Abbott,"Abbott, Edwin A.",,048627263X,9780486272634,0,3.81,"Dover Publications, Inc.",Paperback,96,1992,1884,3/26/2023,,,,,,,0
489317,Essential Calculus with Applications (Dover Books on Mathematics),book,Richard A. Silverman,"Silverman, Richard A.",,0486660974,9780486660974,5,4.08,Dover Publications,Paperback,320,1989,1989,11/27/2022,,,,,,,0
629,"Zen and the Art of Motorcycle Maintenance: An Inquiry Into Values (Phaedrus, #1)",book,Robert M. Pirsig,"Pirsig, Robert M.",,0060589469,9780060589462,0,3.78,HarperTorch,Mass Market Paperback,540,2006,1974,1/15/2023,,,,,,,0
2190058,Conceptual Foundations of Modern...,book,Robert Eugene Marshak,"Marshak, Robert Eugene",,9810211066,9789810211066,0,0,World Scientific Publishing Company,Paperback,704,1993,1993,1/13/2023,,,,,,,0
586992,The Passion of the Western Mind: Understanding the Ideas that Have Shaped Our World View,book,Richard Tarnas,"Tarnas, Richard",,0345368096,9780345368096,0,4.23,Ballantine Books (NY),Paperback,560,1993,1991,12/28/2022,,,,,,,0
40717990,The Sane Society,book,Erich Fromm,"Fromm, Erich",,,,0,4.25,Open Road Media,Kindle Edition,386,2013,1955,12/28/2022,,,,,,,0
61911400,Precalculus: An Investigation of Functions,book,David Lippman,"Lippman, David",Melonie Rasmussen,1955576009,9781955576000,5,4,Tangential Projects Press,Paperback,706,2022,,9/1/2022,,,,,,,0
20932236,Essential Trigonometry: A Self-Teaching Guide,book,Tim Hill,"Hill, Tim",,,,5,4.4,Questing Vole Press,Kindle Edition,91,2013,2013,11/21/2022,,,,,,,0
40104261,The Ethics of Ambiguity,book,Simone de Beauvoir,"Beauvoir, Simone de",,,,0,4.17,Open Road Media,Kindle Edition,164,2018,1947,1/18/2021,,,,,,,0
2802549,Fundamental Concepts of Algebra (Dover Books on Mathematics),book,Bruce E. Meserve,"Meserve, Bruce E.",,0486614700,9780486614700,0,4.1,Dover Publications,Paperback,320,1982,1982,9/19/2022,,,,,,,0
17861928,Contemporary Mathematics,book,Bruce E. Meserve,"Meserve, Bruce E.",,,,0,0,"Prentice-Hall, Inc.",Hardcover,550,1972,1972,9/19/2022,,,,,,,0
2802550,Fundamental Concepts of Geometry (Dover Books on Mathematics),book,Bruce E. Meserve,"Meserve, Bruce E.",,0486634159,9780486634159,0,3.44,Dover Publications,Paperback,336,2010,1983,9/19/2022,,,,,,,0
21567404,What Is It Like to Be a Bat?,book,Thomas Nagel,"Nagel, Thomas",,,,0,3.98,,,15,,1974,9/15/2022,,,,,,,0
30129732,Complexity: The Emerging Science at the Edge of Order and Chaos,book,M. Mitchell Waldrop,"Waldrop, M. Mitchell",,,,0,4.05,,Kindle Edition,384,2016,1992,9/3/2022,,,,,,,0
49455,Notes from Underground,book,Fyodor Dostoevsky,"Dostoevsky, Fyodor","Donald Fanger, Larissa Volokhonsky, Richard Pevear",067973452X,9780679734529,0,4.18,Vintage Classics,Paperback,136,1994,1864,9/5/2022,,,,,,,0
5695,Demons,book,Fyodor Dostoevsky,"Dostoevsky, Fyodor","Richard Pevear, Robert Belknap, Robert Maguire, Ronald Meyer, Larissa Volokhonsky",,,0,4.3,Vintage,Paperback,733,1995,1872,9/5/2022,,,,,,,0
2790733,The Structure of Evil: An Essay on the Unification of the Science of Man,book,Ernest Becker,"Becker, Ernest",,0029022908,9780029022900,0,4.14,Free Press,Paperback,452,1976,,8/19/2022,,,,,,,0
866754,Views into the Chinese Room: New Essays on Searle and Artificial Intelligence,book,John   Preston,"Preston, John",Mark Bishop,0199252777,9780199252770,5,4,Clarendon Press,Paperback,428,2002,2002,8/19/2022,,,,,,,0
172732,The Motorcycle Diaries: Notes on a Latin American Journey,book,Ernesto Che Guevara,"Guevara, Ernesto Che",Aleida Guevara March,1876175702,9781876175702,5,3.79,Ocean Press,Paperback,175,2003,1992,8/13/2022,,,,,,,0
61539,The Structure of Scientific Revolutions,book,Thomas S. Kuhn,"Kuhn, Thomas S.",,0226458083,9780226458083,0,4.03,University of Chicago Press,Paperback,226,1996,1962,8/7/2022,,,,,,,0
16685439,The Price of Inequality: How Today's Divided Society Endangers Our Future,book,Joseph E. Stiglitz,"Stiglitz, Joseph E.",,0393345068,9780393345063,5,4.02,W. W. Norton & Company,Paperback,523,2013,2012,6/30/2022,,,,,,,0
4064936,Books v. Cigarettes,book,George Orwell,"Orwell, George",,0141036613,9780141036618,0,3.84,Penguin,Mass Market Paperback,126,2008,1946,7/15/2022,,,,,,,0
90078,An Essay Concerning Human Understanding,book,John Locke,"Locke, John",,1406790273,9781406790276,0,3.86,Read Books,Paperback,355,2007,1690,6/30/2022,,,,,,,0
125777,The Feeling of What Happens: Body and Emotion in the Making of Consciousness,book,António Damásio,"Damásio, António",,0156010755,9780156010757,0,4.01,Harcourt,Paperback,386,2000,1999,6/30/2022,,,,,,,0
5175000,How Could Conscious Experiences Affect Brains?,book,Max Velmans,"Velmans, Max",,0907845398,9780907845393,0,3.5,Imprint Academic,Paperback,96,2002,2002,6/30/2022,,,,,,,0
583722,The Blackwell Companion to Consciousness,book,Max Velmans,"Velmans, Max",,1405120193,9781405120197,0,4.13,John Wiley & Sons,Hardcover,768,2007,2006,6/30/2022,,,,,,,0
2082774,Dimensions of Personality,book,Hans Jürgen Eysenck,"Eysenck, Hans Jürgen",,1560009853,9781560009856,0,4.09,Routledge,Paperback,333,1997,1997,6/29/2022,,,,,,,0
2069,Consciousness Explained,book,Daniel C. Dennett,"Dennett, Daniel C.",,0316180661,9780316180665,0,3.89,Back Bay Books,Paperback,511,1991,1991,6/29/2022,,,,,,,0
2067,Breaking the Spell: Religion as a Natural Phenomenon,book,Daniel C. Dennett,"Dennett, Daniel C.",,067003472X,9780670034727,0,3.89,Viking Adult,Hardcover,464,2006,2006,6/29/2022,,,,,,,0
31947,Philosophy and the Mirror of Nature,book,Richard Rorty,"Rorty, Richard",,0691020167,9780691020167,0,4.03,Princeton University Press,Paperback,424,1981,1979,6/29/2022,,,,,,,0
980387,The Meaning of Truth (Great Books in Philosophy),book,William  James,"James, William",,1573921386,9781573921381,0,3.72,Prometheus,Paperback,330,1997,1909,6/29/2022,,,,,,,0
28820,The Varieties of Religious Experience,book,William  James,"James, William",,1402199031,9781402199035,0,4.01,Adamant Media Corporation,Paperback,519,2000,1902,6/29/2022,,,,,,,0
385300,An Inquiry Into Meaning and Truth,book,Bertrand Russell,"Russell, Bertrand",,0415136008,9780415136006,0,3.95,Routledge,Paperback,364,1996,1940,6/29/2022,,,,,,,0
31799,The Problems of Philosophy,book,Bertrand Russell,"Russell, Bertrand",,1421903679,9781421903675,0,3.91,Indypublish.Com,Paperback,116,2005,1912,6/29/2022,,,,,,,0
11467562,A Treatise of Human Nature / An Enquiry Concerning Human Understanding / An Enquiry Concerning the Principles of Morals / Dialogues Concerning Natural Religion (David Hume Collection),book,David Hume,"Hume, David",,,,0,4.26,,Kindle Edition,1349,2011,2011,6/29/2022,,,,,,,0
289062,About Face 3: The Essentials of Interaction Design,book,Alan Cooper,"Cooper, Alan","Robert Reimann, David Cronin",0470084111,9780470084113,0,4.07,John Wiley & Sons Inc,Paperback,610,2007,1995,6/29/2022,,,,,,,0
32191706,The Color of Law: A Forgotten History of How Our Government Segregated America,book,Richard Rothstein,"Rothstein, Richard",,1631492853,9781631492853,5,4.44,Liveright,Hardcover,368,2017,2017,6/15/2022,,,,,,,0
58437495,For the Good of the World: Why Our Planet's Crises Need Global Agreement Now,book,A.C. Grayling,"Grayling, A.C.",,0861542665,9780861542666,5,3.48,Oneworld Publications,Hardcover,240,2022,,6/15/2022,,,,,,,0
54120408,Klara and the Sun,book,Kazuo Ishiguro,"Ishiguro, Kazuo",,059331817X,9780593318171,5,3.75,Alfred A. Knopf,Hardcover,303,2021,2021,2/7/2022,,,,,,,0
48692505,Lost in Thought: The Hidden Pleasures of an Intellectual Life,book,Zena Hitz,"Hitz, Zena",,0691189234,9780691189239,5,3.66,Princeton University Press,ebook,240,2020,2020,8/25/2021,,,,,,,0
45996732,A Beginner's Guide to the Stock Market,book,Matthew R. Kratter,"Kratter, Matthew R.",,,,4,4.05,Trader University,Kindle Edition,100,2019,,8/21/2021,,,,,,,0
18908413,Happy City: Transforming Our Lives Through Urban Design,book,Charles Montgomery,"Montgomery, Charles",,,,0,4.37,"Farrar, Straus and Giroux",Kindle Edition,370,2013,2012,12/16/2018,,,,,,,0
19033420,"Smart Cities: Big Data, Civic Hackers, and the Quest for a New Utopia",book,Anthony M. Townsend,"Townsend, Anthony M.",,,,0,3.61,W. W. Norton & Company,Kindle Edition,407,2013,2013,1/28/2021,,,,,,,0
11990,The Rebel,book,Albert Camus,"Camus, Albert",,0679733841,9780679733843,4,4.14,Vintage,Paperback,320,1992,1951,2/16/2021,,,,,,,0
49552,The Stranger,book,Albert Camus,"Camus, Albert",Matthew  Ward,,,5,4.02,Vintage International,Paperback,123,1989,1942,2/16/2021,,,,,,,0
11540946,"Black Skin, White Masks",book,Frantz Fanon,"Fanon, Frantz","Kwame Anthony Appiah, Richard Philcox",,,5,4.27,Grove Press,Kindle Edition,206,2008,1952,12/13/2020,,,,,,,0
25812847,Silk Roads,book,Peter Frankopan,"Frankopan, Peter",,1408839970,9781408839973,0,4.18,Bloomsbury,Hardcover,636,2015,2015,2/16/2021,,,,,,,0
24113,"Gödel, Escher, Bach: An Eternal Golden Braid",book,Douglas R. Hofstadter,"Hofstadter, Douglas R.",,0465026567,9780465026562,0,4.29,Basic Books,Paperback,777,1999,1979,2/16/2021,,,,,,,0
1120120,The Brain,book,Gerald M. Edelman,"Edelman, Gerald M.",Jean-Pierre Changeux,0765807173,9780765807175,0,4,Transaction Publishers,Paperback,291,2000,2000,2/16/2021,,,,,,,0
1574208,The Mindful Brain: Cortical Organization and the Group-Selective Theory of Higher Brain Function (Mit Press),book,Gerald M. Edelman,"Edelman, Gerald M.",Vernon B. Mountcastle,0262550075,9780262550079,0,4.42,The MIT Press,Paperback,106,1982,1978,2/16/2021,,,,,,,0
1120070,The Remembered Present: A Biological Theory of Consciousness,book,Gerald M. Edelman,"Edelman, Gerald M.",,046506910X,9780465069101,0,3.84,Basic Books,Hardcover,368,1990,1989,2/16/2021,,,,,,,0
1120114,Wider Than the Sky: The Phenomenal Gift of Consciousness,book,Gerald M. Edelman,"Edelman, Gerald M.",,0300107617,9780300107616,0,3.66,Yale University Press,Paperback,224,2005,2004,2/16/2021,,,,,,,0
371182,A Universe of Consciousness: How Matter Becomes Imagination,book,Gerald M. Edelman,"Edelman, Gerald M.",Giulio Tononi,0465013775,9780465013777,0,4.04,Basic Books,Paperback,288,2001,2000,2/16/2021,,,,,,,0
615426,The Empiricists: Locke: Concerning Human Understanding; Berkeley: Principles of Human Knowledge & 3 Dialogues; Hume: Concerning Human Understanding & Concerning Natural Religion,book,Richard  Taylor,"Taylor, Richard","George Berkeley, David Hume, John Locke",0385096224,9780385096225,5,3.55,Anchor,Paperback,528,1961,1960,2/16/2021,,,,,,,0
11987,The Myth of Sisyphus and Other Essays,book,Albert Camus,"Camus, Albert",Justin O'Brien,,,5,4.22,Vintage International,Paperback,212,1991,1942,2/16/2021,,,,,,,0
230733,Straw Dogs: Thoughts on Humans and Other Animals,book,John   Gray,"Gray, John",,1862075964,9781862075962,0,3.94,Granta Books,Paperback,246,2004,2002,2/16/2021,,,,,,,0
321263,Humanity: A Moral History of the Twentieth Century,book,Jonathan Glover,"Glover, Jonathan",,0300087152,9780300087154,0,4.27,Yale University Press,Paperback,480,2001,1999,2/16/2021,,,,,,,0
258476,Designing Interactions,book,Bill Moggridge,"Moggridge, Bill",,0262134748,9780262134743,5,3.98,The MIT Press,Hardcover,766,2007,2006,1/18/2021,,,,,,,0
6568321,"Universal Principles of Design, Revised and Updated: 125 Ways to Enhance Usability, Influence Perception, Increase Appeal, Make Better Design Decisions, and Teach through Design",book,William Lidwell,"Lidwell, William","Kritina Holden, Jill Butler",1592535879,9781592535873,5,4.16,Rockport Publishers,Flexibound,272,2010,2003,1/18/2021,,,,,,,0
8379886,Designing Interfaces: Patterns for Effective Interaction Design,book,Jenifer Tidwell,"Tidwell, Jenifer",,1449379702,9781449379704,4,3.83,O'Reilly Media,Paperback,578,2011,2005,1/18/2021,,,,,,,0
6863658,Effective UI: The Art of Building Great User Experience in Software,book,Jonathan Anderson,"Anderson, Jonathan","Robb Wilson, John McRee, The EffectiveUI Team",059615478X,9780596154783,4,3.55,O'Reilly Media,Paperback,312,2010,2009,1/18/2021,,,,,,,0
18652732,Designing with the Mind in Mind: Simple Guide to Understanding User Interface Design Rules,book,Jeff                                                 Johnson,"Johnson, Jeff",,,,3,4.1,Morgan Kaufmann,Kindle Edition,201,2010,2010,1/18/2021,,,,,,,0
19380118,Radical Embodied Cognitive Science (A Bradford Book),book,Anthony Chemero,"Chemero, Anthony",,,,5,3.93,A Bradford Book,Kindle Edition,269,2011,2009,1/18/2021,,,,,,,0
36691901,Self Comes to Mind: Constructing the Conscious Brain,book,António Damásio,"Damásio, António",,,,5,3.96,Vintage,Kindle Edition,384,2010,2010,1/18/2021,,,,,,,0
22713923,How the Body Shapes the Mind,book,Shaun Gallagher,"Gallagher, Shaun",,0191533963,9780191533969,5,4.29,Clarendon Press,Kindle Edition,284,2006,2005,1/18/2021,,,,,,,0
231160,Learning XML,book,Erik T. Ray,"Ray, Erik T.",,0596004206,9780596004200,5,3.64,O'Reilly Media,Paperback,416,2003,2001,1/18/2021,,,,,,,0
10327296,Visual Complexity: Mapping Patterns of Information,book,Manuel Lima,"Lima, Manuel",,1568989369,9781568989365,5,3.98,Princeton Architectural Press,Hardcover,272,2011,2011,1/18/2021,,,,,,,0
18286,Vision Science: Photons to Phenomenology,book,Stephen E. Palmer,"Palmer, Stephen E.",,0262161834,9780262161831,5,4.33,The MIT Press,Hardcover,832,1999,1999,1/18/2021,,,,,,,0
6386509,Mobile Design and Development: Practical concepts and techniques for creating mobile sites and web apps,book,Brian Fling,"Fling, Brian",,0596155441,9780596155445,3,3.51,O'Reilly Media,Paperback,311,2009,2009,1/18/2021,,,,,,,0
9191111,Ecrits: A Selection,book,Jacques Lacan,"Lacan, Jacques",,,,4,3.8,,Kindle Edition,394,,1977,1/18/2021,,,,,,,0
5535026,Scientific Approaches to Consciousness (Carnegie Mellon Symposia on Cognition Series),book,James Cohen,"Cohen, James",Jonathan W. Schooler,0805814728,9780805814729,5,5,Routledge,Paperback,550,1996,1996,1/18/2021,,,,,,,0
12551630,"This is Service Design Thinking: Basics, Tools, Cases",book,Marc Stickdorn,"Stickdorn, Marc",Jakob Schneider,1118156307,9781118156308,5,4,Wiley,Paperback,384,2012,2010,1/18/2021,,,,,,,0
70132,Information Architecture for the World Wide Web: Designing Large-Scale Web Sites,book,Peter Morville,"Morville, Peter",Louis Rosenfeld,0596527349,9780596527341,5,3.93,O'Reilly Media,Paperback,526,2007,1998,1/18/2021,,,,,,,0
13073411,Mobile Design Pattern Gallery: UI Patterns for Mobile Applications,book,Theresa Neil,"Neil, Theresa",,1449314325,9781449314323,3,3.82,O'Reilly Media,Paperback,284,2012,2011,1/18/2021,,,,,,,0
11231520,Gamification by Design: Implementing Game Mechanics in Web and Mobile Apps,book,Gabe Zichermann,"Zichermann, Gabe",Christopher Cunningham,1449397670,9781449397678,3,3.64,O'Reilly Media,Paperback,182,2011,2011,1/18/2021,,,,,,,0
433443,"An Introduction to Information Theory: Symbols, Signals and Noise (Dover Books on Mathematics)",book,John Robinson Pierce,"Pierce, John Robinson",,0486240614,9780486240619,5,3.91,Dover Publications,Paperback,306,1980,1961,1/18/2021,,,,,,,0
18894948,Resilience: Why Things Bounce Back,book,Andrew Zolli,"Zolli, Andrew",Ann Marie Healy,,,5,3.63,Free Press,Kindle Edition,338,2012,2012,1/18/2021,,,,,,,0
19025251,The Elementary Forms of the Religious Life [Active TOC & Linked Notes] (Classics of the Social Sciences),book,Émile Durkheim,"Durkheim, Émile","Joseph Ward Swain, Steven Alan Childress",,,5,3.93,Quid Pro Books,Kindle Edition,459,2012,1912,1/18/2021,,,,,,,0
773524,The Culture of Cities (Book 2),book,Lewis Mumford,"Mumford, Lewis",,0156233010,9780156233019,5,4.06,Mariner Books,Paperback,586,1970,1938,1/18/2021,,,,,,,0
1049909,"Sensorium: Embodied Experience, Technology, and Contemporary Art (Mit Press)",book,Caroline A. Jones,"Jones, Caroline A.",,0262101173,9780262101172,3,4.15,The MIT Press,Paperback,268,2006,2006,1/18/2021,,,,,,,0
18827531,Sigmund Freud's Classics,book,Sigmund Freud,"Freud, Sigmund",,,9781614304692,5,3.75,Acheron Press,Kindle Edition,2715,2012,2012,1/18/2021,,,,,,,0
19057380,The Stages in the Social History of Capitalism,book,Henri Pirenne,"Pirenne, Henri",,,,4,3.81,,Kindle Edition,36,2011,1914,1/18/2021,,,,,,,0
2117148,The City In Mind: Notes on the Urban Condition,book,James Howard Kunstler,"Kunstler, James Howard",,0684845911,9780684845913,5,3.82,Free Press,Hardcover,272,2002,2001,1/18/2021,,,,,,,0
538867,Home from Nowhere: Remaking Our Everyday World for the 21st Century,book,James Howard Kunstler,"Kunstler, James Howard",,0684811960,9780684811963,5,3.83,Simon & Schuster,Hardcover,320,1996,1996,1/18/2021,,,,,,,0
125313,The Geography of Nowhere: The Rise and Decline of America's Man-Made Landscape,book,James Howard Kunstler,"Kunstler, James Howard",,0671888250,9780671888251,5,4.06,Free Press,Paperback,304,1994,1993,1/18/2021,,,,,,,0
8322332,"Designing Social Interfaces: Principles, Patterns, and Practices for Improving the User Experience (Animal Guide)",book,Christian Crumlish,"Crumlish, Christian",,,,5,3.89,,Kindle Edition,518,,2009,1/18/2021,,,,,,,0
18924295,Storytelling for User Experience: Crafting Stories For Better Design,book,Whitney Quesenbery,"Quesenbery, Whitney",Kevin Brooks,1933820039,9781933820033,5,3.74,Rosenfeld Media,Kindle Edition,298,2010,2010,1/18/2021,,,,,,,0
744460,Rapid Contextual Design,book,Karen Holtzblatt,"Holtzblatt, Karen","Jessamyn Wendell, Shelley Wood",0123540518,9780123540515,5,3.67,Morgan Kaufmann,Paperback,320,2004,2004,1/18/2021,,,,,,,0
19413037,"The Wave in the Mind: Talks and Essays on the Writer, the Reader, and the Imagination",book,Ursula K. Le Guin,"Guin, Ursula K. Le",,,,1,4.33,Shambhala,Kindle Edition,294,2004,2004,1/18/2021,,,,,,,0
540287,On Writing Well: The Classic Guide to Writing Nonfiction,book,William Zinsser,"Zinsser, William",,0062735233,9780062735232,5,4.24,HarperPerennial,Paperback,308,1998,1976,1/18/2021,,,,,,,0
21449078,On Revolution,book,Hannah Arendt,"Arendt, Hannah",Jonathan Schell,1101662646,9781101662649,5,4.01,Penguin Classics,Kindle Edition,336,2006,1956,1/18/2021,,,,,,,0
22843271,Eloquent JavaScript: A Modern Introduction to Programming,book,Marijn Haverbeke,"Haverbeke, Marijn",,,9781593275846,5,4.15,No Starch Press,Paperback,478,2014,2010,1/18/2021,,,,,,,0
16219704,JavaScript and jQuery: Interactive Front-End Web Development,book,Jon Duckett,"Duckett, Jon",,1118531647,9781118531648,4,4.29,Wiley,Paperback,640,2014,2013,1/18/2021,,,,,,,0
10361330,HTML and CSS: Design and Build Websites,book,Jon Duckett,"Duckett, Jon",,1118008189,9781118008188,4,4.3,Wiley,Paperback,514,2011,2011,1/18/2021,,,,,,,0
9637570,Designing Search: UX Strategies for eCommerce Success,book,Greg Nudelman,"Nudelman, Greg",Pabini Gabriel-Petit,0470942231,9780470942239,3,3.86,Wiley,Paperback,368,2011,2011,1/18/2021,,,,,,,0
7088205,Search Patterns: Design for Discovery,book,Peter Morville,"Morville, Peter",Jeffery Callender,0596802277,9780596802271,5,3.87,O'Reilly Media,Paperback,191,2010,2010,1/18/2021,,,,,,,0
6472591,"Faceted Search (Synthesis Lectures on Information Concepts, Retrieval, and Services, 5)",book,Daniel Tunkelang,"Tunkelang, Daniel",,1598299999,9781598299991,5,3.92,Morgan and Claypool Publishers,Paperback,79,2009,2009,1/18/2021,,,,,,,0
23129115,The Bertrand Russell Collection: 8 Classic Works,book,Bertrand Russell,"Russell, Bertrand",,,,5,4.27,Waxkeep Publishing,Kindle Edition,,2014,1972,1/18/2021,,,,,,,0
18310312,Critique of Everyday Life,book,Henri Lefebvre,"Lefebvre, Henri",,1781683182,9781781683187,5,4.16,Verso,Hardcover,912,2035,2014,1/18/2021,,,,,,,0
30111311,In Search of Lost Time [volumes 1 to 7],book,Marcel Proust,"Proust, Marcel",,,,5,4.34,Marcel Proust,Kindle Edition,1867,2016,1927,1/18/2021,,,,,,,0
405880,"Mathematics: Its Content, Methods and Meaning (3 Volumes in One) (Dover Books on Mathematics)",book,A.D. Aleksandrov,"Aleksandrov, A.D.","A.N. Kolomogorov, M.A. Lavrent’ev",0486409163,9780486409160,3,4.44,Dover Publications,Paperback,1120,1999,1963,1/18/2021,,,,,,,0
76479,A Field Guide to Getting Lost,book,Rebecca Solnit,"Solnit, Rebecca",,0143037242,9780143037248,5,3.92,Penguin Books,Paperback,209,2006,2005,1/18/2021,,,,,,,0
15802147,The Complete Calvin and Hobbes,book,Bill Watterson,"Watterson, Bill",,1449433251,9781449433253,5,4.81,Andrews McMeel Publishing (Andrews McMeel Universal),Paperback,1456,2012,2005,1/18/2021,,,,,,,0
21406547,Innovating for People: Human-Centered Design Planning Cards,book,LUMA Institute,"Institute, LUMA",,098575091X,9780985750916,5,4.71,LUMA Institute,Cards,38,2012,,1/18/2021,,,,,,,0
34122206,The Secret Lives of Color,book,Kassia St. Clair,"Clair, Kassia St.",,0143131141,9780143131144,5,4.12,Penguin Books,Hardcover,320,2017,2016,1/18/2021,,,,,,,0
25061521,The Field Guide to Human-Centered Design,book,IDEO.org,"IDEO.org, IDEO.org",,,9780991406319,5,4.16,,Paperback,192,2015,2015,1/18/2021,,,,,,,0
51480487,"Rock Climbing for the Absolute Beginner: A Complete Guide to Bouldering, Mountaineering, Top-Rope & Trad Climbing- Includes Knot Tying Tutorials",book,K.J. Moore,"Moore, K.J.",,1672899133,9781672899130,5,4.63,Independently published,Paperback,181,2019,,1/18/2021,,,,,,,0
41484259,Rock Climbing Technique: The Practical Guide to Movement Mastery,book,John Kettle,"Kettle, John",,1999654404,9781999654405,5,4.46,John Kettle,Paperback,140,2018,,1/18/2021,,,,,,,0
21981721,"How to Solve It: A New Aspect of Mathematical Method (Princeton Science Library, 34)",book,George Pólya,"Pólya, George",John H. Conway,069116407X,9780691164076,5,4.14,Princeton University Press,Paperback,288,2014,1944,1/18/2021,,,,,,,0
48656150,On the Road,book,Jack Kerouac,"Kerouac, Jack",,0140283293,9780140283297,5,3.61,Penguin Books,Paperback,293,2019,1957,1/18/2021,,,,,,,0
55520876,How to Build a Motorcycle: A Nut-and-Bolt Guide to Customizing Your Bike,book,Gary Inman,"Inman, Gary",Gilbert Adi,1786277581,9781786277589,5,4.29,Laurence King Publishing,Hardcover,192,2020,,1/18/2021,,,,,,,0
34083908,On Tyranny: Twenty Lessons from the Twentieth Century,book,Timothy Snyder,"Snyder, Timothy",,,,0,4.19,Crown,Kindle Edition,110,2017,2017,11/28/2017,,,,,,,0
28945929,Cities I've Never Lived In,book,Sara Majka,"Majka, Sara",,,,0,3.49,Graywolf Press,Kindle Edition,175,2016,2016,11/6/2018,,,,,,,0
31120659,The Economy of Cities,book,Jane Jacobs,"Jacobs, Jane",,0525432868,,0,4.1,Vintage,Kindle Edition,262,2016,1969,12/15/2018,,,,,,,0
19306665,On the Shortness of Life,book,Seneca,"Seneca, Seneca",Charles Desmond Nuttall Costa,,,5,4.18,Penguin Books,Kindle Edition,111,2005,49,1/5/2015,,,,,,,0
25773347,"The Complete Works of Fyodor Dostoyevsky: Novels, Short Stories and Autobiographical Writings: The Entire Opus of the Great Russian Novelist, Journalist ... The Idiot, Notes from the Underground...",book,Fyodor Dostoevsky,"Dostoevsky, Fyodor","Fyodor Dostoyevsky, Constance Garnett, C.J. Hogarth",8026837894,9788026837893,0,4.54,e-artnow ebooks,Kindle Edition,7718,2015,1954,11/28/2015,,,,,,,0
6632331,"Exploratory Search: Beyond the Query-Response Paradigm (Synthesis Lectures on Information Concepts, Retrieval & Services)",book,Ryen White,"White, Ryen",Resa A. Roth,159829783X,9781598297836,0,4.67,Morgan and Claypool Publishers,Paperback,108,2009,2009,12/9/2015,,,,,,,0
10251325,Process and Reality,book,Alfred North Whitehead,"Whitehead, Alfred North",,,,0,4.2,,Kindle Edition,452,,1929,1/27/2016,,,,,,,0
8175234,History of Madness,book,Michel Foucault,"Foucault, Michel","Jean Khalfa, Jonathan Murphy",,,0,4.09,Routledge,ebook,736,2013,1961,12/3/2015,,,,,,,0
8723786,The Concept of Nature: The Tarner Lectures Delivered in Trinity College 11/1919,book,Alfred North Whitehead,"Whitehead, Alfred North",,,,3,3.79,,Kindle Edition,,,1920,12/13/2015,,,,,,,0
19185075,Wired for Culture: Origins of the Human Social Mind,book,Mark Pagel,"Pagel, Mark",,,,0,3.88,W. W. Norton & Company,Kindle Edition,431,2012,2012,12/3/2015,,,,,,,0
22549635,"Suicide, a study in sociology:",book,Émile Durkheim,"Durkheim, Émile",,,,0,3.85,,Kindle Edition,398,2012,1897,12/3/2015,,,,,,,0
19049131,The Stuff of Thought: Language as a Window into Human Nature,book,Steven Pinker,"Pinker, Steven",,,,0,3.91,Penguin,Kindle Edition,524,2008,2007,12/3/2015,,,,,,,0
6447331,Pragmatism,book,William  James,"James, William",,,,0,3.89,,Kindle Edition,133,,1907,12/3/2015,,,,,,,0
19335404,Mere Possibilities: Metaphysical Foundations of Modal Semantics (Carl G. Hempel Lecture Series Book 2),book,Robert C. Stalnaker,"Stalnaker, Robert C.",,,,0,3.78,Princeton University Press,Kindle Edition,182,2011,2011,12/3/2015,,,,,,,0
15788803,A Letter to a Hindu,book,Leo Tolstoy,"Tolstoy, Leo",,,,0,3.77,Public Domain Books,Kindle Edition,17,2012,1908,12/3/2015,,,,,,,0
10980255,"The Incarnate Subject: Malebranche, Biran, and Bergson on the Union of Body and Soul (Contemporary Studies in Philosophy and the Human Sciences): Malebranche, ... and Bergson on the Union of Body and Soul",book,Maurice Merleau-Ponty,"Merleau-Ponty, Maurice","Andrew G. Bjelland, Patrick Burke, Paul B. Milan",,,0,3.38,,Kindle Edition,152,,1997,12/3/2015,,,,,,,0
6392034,Discourse on the Origin of Inequality,book,Jean-Jacques Rousseau,"Rousseau, Jean-Jacques",,,,0,3.79,,Kindle Edition,142,,1755,12/3/2015,,,,,,,0
18924537,Delusion and Dream,book,Sigmund Freud,"Freud, Sigmund",,,,0,3.78,Acheron Press,Kindle Edition,136,2012,2010,12/3/2015,,,,,,,0
8302426,Civilization and Its Discontents,book,Sigmund Freud,"Freud, Sigmund",David McLintock,,,0,3.8,Penguin,Kindle Edition,97,2002,1930,12/3/2015,,,,,,,0
26361369,"Understanding Context: Environment, Language, and Information Architecture",book,Andrew Hinton,"Hinton, Andrew",,,9781449323172,5,4.11,O'Reilly Media,Paperback,440,2014,2014,11/21/2015,,,,,,,0
58233,"From Dawn to Decadence: 500 Years of Western Cultural Life, 1500 to the Present",book,Jacques Barzun,"Barzun, Jacques",,0060928832,9780060928834,5,4.13,Harper Perennial,Paperback,828,2001,2000,10/5/2015,,,,,,,0
243685,A History of Western Philosophy,book,Bertrand Russell,"Russell, Bertrand",,0671201581,9780671201586,5,4.12,Simon & Schuster,Paperback,906,1986,1945,10/5/2015,,,,,,,0
5976571,Essays of Schopenhauer,book,Arthur Schopenhauer,"Schopenhauer, Arthur",Mrs. Rudolf Dircks,1406596183,9781406596182,5,4.06,Dodo Pr,Paperback,184,2008,1882,10/5/2015,,,,,,,0
80313,Dialogues Concerning Natural Religion,book,David Hume,"Hume, David",Richard H. Popkin,0872204022,9780872204027,5,3.97,Hackett Publishing Company,Paperback,160,1998,1779,10/5/2015,,,,,,,0
80311,A Treatise of Human Nature,book,David Hume,"Hume, David",,1406927554,9781406927559,5,3.94,Hard Press,Paperback,434,2006,1739,10/5/2015,,,,,,,0
130119,An Enquiry Concerning Human Understanding,book,David Hume,"Hume, David",,1420926993,9781420926996,5,3.94,Digireads.Com,Paperback,96,2006,1748,10/5/2015,,,,,,,0
13104062,"The Science of Consciousness: Psychological, Neuropsychological and Clinical Reviews",book,Max Velmans,"Velmans, Max",,0415110823,9780415110822,5,3,Routledge,Paperback,224,1996,1996,10/5/2015,,,,,,,0
1522406,Understanding Consciousness,book,Max Velmans,"Velmans, Max",,0415224926,9780415224925,5,4.05,Routledge,Paperback,,2000,2000,10/5/2015,,,,,,,0
170016,Cognitive Neuroscience: The Biology of the Mind,book,Michael S. Gazzaniga,"Gazzaniga, Michael S.","Richard B. Ivry, G.R. Mangun",0393977773,9780393977776,4,4.12,W W Norton & Co Inc,Hardcover,680,2002,1998,10/5/2015,,,,,,,0
2875137,Mental Models: Aligning Design Strategy with Human Behavior,book,Indi Young,"Young, Indi",,1933820063,9781933820064,5,3.87,Rosenfeld Media,Paperback,299,2008,2008,10/5/2015,,,,,,,0
24968922,Contextual Design: Evolved (Synthesis Lectures on Human-centered Informatics),book,Karen Holtzblatt,"Holtzblatt, Karen",Hugh Beyer,1627055584,9781627055581,5,4.31,Morgan & Claypool,Paperback,91,2014,2014,10/5/2015,,,,,,,0
18942729,The Life of the Mind: The Groundbreaking Investigation on How We Think,book,Hannah Arendt,"Arendt, Hannah",Mary McCarthy,,,4,4.25,Mariner Books,Kindle Edition,553,1981,1971,9/21/2015,,,,,,,0
19322658,Violence (BIG IDEAS//small books),book,Slavoj Žižek,"Žižek, Slavoj",Slavoj  Zizek,,,0,3.88,Picador,Kindle Edition,301,2008,2007,9/20/2015,,,,,,,0
6075357,The World of Perception,book,Maurice Merleau-Ponty,"Merleau-Ponty, Maurice",,,,0,3.98,,Kindle Edition,136,,2002,9/20/2015,,,,,,,0
19285518,Embodied Cognition (New Problems of Philosophy Book 9),book,Lawrence A. Shapiro,"Shapiro, Lawrence A.",,,,0,3.92,Routledge,Kindle Edition,336,2010,2010,9/20/2015,,,,,,,0
6587842,The Order of Things: An Archaeology of the Human Sciences,book,Michel Foucault,"Foucault, Michel",,,,0,4.12,Routledge,Kindle Edition,448,2001,1966,9/20/2015,,,,,,,0
22612510,Introduction to Mathematical Philosophy,book,Bertrand Russell,"Russell, Bertrand",,,,5,4.04,Heraklion Press,Kindle Edition,214,2014,1918,6/16/2015,,,,,,,0
19006787,Rebel Cities: From the Right to the City to the Urban Revolution,book,David Harvey,"Harvey, David",,,,4,3.92,Verso,Kindle Edition,207,2012,2012,5/5/2015,,,,,,,0
17448350,City 2.0: The Habitat of the Future and How to Get There,book,TED Books,"Books, TED",,1937382311,9781937382315,5,3.75,TED Conferences,Kindle Edition,119,2013,2013,4/17/2015,,,,,,,0
23314559,Talking to Humans,book,Giff Constable,"Constable, Giff",,0990800911,,5,4.07,,Kindle Edition,75,2014,2014,4/13/2015,,,,,,,0
24473905,The Design of Scarcity,book,Jon Goodbun,"Goodbun, Jon",,,,5,4.26,Strelka Press,Kindle Edition,47,2014,2014,4/2/2015,,,,,,,0
13337800,A Collection Of Essays (Harvest Book),book,George Orwell,"Orwell, George",,,,5,4.3,,Kindle Edition,319,,1941,3/28/2015,,,,,,,0
18991506,The Ego and the Id,book,Sigmund Freud,"Freud, Sigmund",,,,4,3.82,,Kindle Edition,47,2013,1923,3/5/2015,,,,,,,0
8281968,An Essay on Liberation,book,Herbert Marcuse,"Marcuse, Herbert",,,,5,3.8,,Kindle Edition,109,,1969,2/25/2015,,,,,,,0
10821276,Illuminations: Essays and Reflections,book,Walter Benjamin,"Benjamin, Walter",,,,4,4.3,,Kindle Edition,307,,1955,2/20/2015,,,,,,,0
10165553,Boundaries of the Mind: The Individual in the Fragile Sciences - Cognition,book,Robert Andrew Wilson,"Wilson, Robert Andrew",,0511447493,9780511447495,5,3.91,,Kindle Edition,390,,2004,1/31/2015,,,,,,,0
18711308,"Age of Context: Mobile, Sensors, Data and the Future of Privacy",book,Robert Scoble,"Scoble, Robert",Shel Israel,,,4,3.62,Patrick Brewster Press,Kindle Edition,248,2014,2013,1/1/2015,,,,,,,0
23211016,The Epic Struggle of the Internet of Things,book,Bruce Sterling,"Sterling, Bruce",,,,5,3.81,Strelka Press,Kindle Edition,30,2014,2014,12/10/2014,,,,,,,0
18978532,On Human Nature,book,Edward O. Wilson,"Wilson, Edward O.",,0674076583,,5,4.14,Harvard University Press,Kindle Edition,285,2012,1978,9/21/2014,,,,,,,0
20824675,A Natural History of Human Thinking,book,Michael Tomasello,"Tomasello, Michael",,0674727576,9780674727571,5,3.97,Harvard University Press,Kindle Edition,193,2014,2014,9/8/2014,,,,,,,0
18992000,Metaphors We Live By,book,George Lakoff,"Lakoff, George",Mark  Johnson,,,5,4.1,The University of Chicago Press,Kindle Edition,294,2008,1980,9/1/2014,,,,,,,0
,,,,,,,,,,,,,,,,,,,,